1	001	344327	En el que puso SUSANA solo me encuentro algo identificado en Hay preocupación por el juego pasa mucho tiempo pensando en el juego como experiencias pasadas o formas de conseguir más dinero con que jugar Intentos repetidos e infructuosos por jugar menos o dejar de jugar Y me explico me preocupo porque se que si no lo corto me puede llevar a un gran problema Lo he dejado 2 veces y luego he vuelto porque me apetecio aunque despues me senti rastrero 
1	002	344297	La Asociación Americana de Psiquiatría American Psychiatric Association define a la ludopatía como una entidad que consta de cinco o más de los siguientes síntomas Hay preocupación por el juego pasa mucho tiempo pensando en el juego como experiencias pasadas o formas de conseguir más dinero con que jugar Necesidad de apostar cantidades cada vez más grandes de dinero para sentir excitación Intentos repetidos e infructuosos por jugar menos o dejar de jugar Inquietud o irritabilidad cuando itenta jugar menos o dejar de jugar Jugar para escapar de los problemas o de sentimientos de tristeza o ansiedad Intentar recuperar las pérdidas apuesta mayores cantidades de dinero para intentar recuperar las pérdidas previas Mentir sobre la cantidad de tiempo o dinero gastada en el juego Cometer crímenes para conseguir dinero para el juego Pérdida del trabajo relaciones importantes u oportunidades en sus estudios o en su carrera debida al juego Necesidad de pedir dinero prestado para sobrevivir debido a las pérdidas ocasionadas por el juego Lo saque de esta página hay otras cosas que pueden interesarte Dirección de esta página http www nlm nih gov medlineplus spanish ency article 0015 20__________________24 hs 
1	003	164040	 Aca tiene una lista por si les sirve de ayuda Pasar mucho tiempo pensando en el juego como experiencias pasadas o formas de conseguir más dinero con que jugar Necesidad de apostar cantidades cada vez más grandes de dinero para sentir excitación Haber tenido muchos intentos infructuosos por jugar menos o dejar de jugar Sentirse inquieto o irritable al tratar de jugar menos o dejar de jugar Jugar para escapar de los problemas o de sentimientos de tristeza o ansiedad Apostar mayores cantidades de dinero para intentar recuperar las pérdidas previas Mentir sobre la cantidad de tiempo o dinero gastada en el juego Cometer delitos para conseguir dinero para jugar Perder el trabajo una relación u oportunidades en sus estudios o en su carrera debido al juego Necesidad de pedir dinero prestado para sobrevivir debido a las pérdidas ocasionadas por el juego
1	004	130231	Él es un enfermo un ser pasivo que padece una dolencia como cualquier otra como la diabetes por ejemplo Que yo sepa nunca nadie que ha transpasado la barrera de jugador patologico a los juegos de apuestas a conseguido volver al estado de jugador social que juega segun su conveniencia parando ante unas perdidas que tenia ya pensadas y marchandose a su casa con el dinero restante como si aqui no hubiera pasado nada 
1	005	24471	Describes a menudo con prolijidad tus experiencias pasadas de como jugabas y cómo hiciste para dejar de jugar nos cuentas cómo jugaste durante casi toda tu vida y el juego te hacía hacer y pensar en cosas que no entendías por desconocimiento de la adicción hace ya varios años que sabes lo que sucedió y con tu método conseguiste dejar de jugar pero no has logrado dejar de pensar en el juego un solo día de tu vida 
1	006	290854	 Por mi parte dentro de mi experiencia personal tampoco sustituí los problemas por el juego pienso que he sido compulsivo toda la vida pues hasta cuando era niño y jugaba a las canicas o con el aro y ya ha llovido desde entonces me comportaba así no acababa hasta ganar y si perdía quería la revancha mi primer premio con los juego de azar lo conseguí con la primera moneda dinero fácil seguí jugando y las pérdidas no se notaban hasta que todo se volvió al reves todo era perder y perder atravesé la línea invisible que hay entre el juego social y el compulsivo y este último me dominó por completo ya no iba a ganar sino a jugar y no sólo a las máquinas me convertí en un compulsivo hasta del Dominó pero tambien debo reconocer actualmente que gracias a mi absternción a todo tipo de juegos me he convertido en una mejor persona aun que algunas veces me vuelve la adrenalina y la in tolerancia la prepotencia defectos de carácter que me tengo que trabajar __________________FELICES 24 HORAS
1	007	269991	mira chico el tema economico llegara a nivelarse pero la ludopatia no deja nunca de atacar no te has de confiar ni un momento es normal que durante un tiempo no sientas deseos de jugar incluso sientas rechazo hacia el juego pero segun se van solucionando los temas economicos y familiares tambien va desapareciendo el convencimiento de nuestra enfermedad incluso llegamos a dudar de que nosotros estemos enfermos pensamos que solo fue un descontrol momentaneo creemos que con la experiencia adquirida nunca mas dejariamos que nos dominara el juego y llegamos a creer que somos capaces de jugar controladamente ten muy presente esto eres ludopata y no puedes jugar de folma racional un abrazo__________________ vencer la ludopatia1º aceptacion 2º convencimiento 3ºresolusion y tratamiento
1	008	190645	Enhorabuena Ang67 sigue asi hay que coger el toro por los cuernos yo pienso que solo dejamos de jugar cuando ya nos desengañamos de la fantasia y no pensamos mas en el juego lo digo por experiencia durante mucho tiempo mi unica meta era sacarle dinero a las p u t a s maquinitas pensando en vaciar una tras otra para asi cobrarme todo lo perdido y dejarlo a tiempo que estupidez 
1	009	168645	Al comienzo de este tema dices llevare como 10 dias sin jugar sin gastar dineroquiero decir que me he dado cuenta no se por que de lo que he perdido por ej mi novia que no me habla ahora mismo desde hace semana y media ahora no paro de pensar en ella en todo lo pasado y en donde coño tenia la cabeza para no valorar ni cuidar a alguien que se lo merececuando no juegas sales de una burbuja que bloqueba todo y por fin puedes vivir los que dejan de jugar sabran lo que le digo por primera vez no pienso en el juego y pienso en los demas y ser como antes es mi objetivo que intenten confiar de mi en nuevo aun que es un camino dificil como os digo cuando dejeis de jugar empezareis a vivir mientras tanto solo estareis engañados asi mismo de verdad Si lo repasas nuevamente tu mismo podras encontrar las respuestas a tu enfermedad 
1	010	204934	SIN ENTRAR EN NINGUNA CONTROVERSIA YO LO VEO DE OTRA FORMA BAJO MI EXPERIENCIA CON EL JUEGO A VER YO COMO JUGADOR COMPULSIVO CUANDO JUGABA EL AFAN QUE SE CREA ES CONTROLAR EL JUEGO ESO ES LA GRAN OBSESION DE CADA JUGADOR PERO ESO ES IMPOSIBLE AL FINAL PASAS DE CONTROLAR AL DESCONTROL 
2	001	344297	La Asociación Americana de Psiquiatría American Psychiatric Association define a la ludopatía como una entidad que consta de cinco o más de los siguientes síntomas Hay preocupación por el juego pasa mucho tiempo pensando en el juego como experiencias pasadas o formas de conseguir más dinero con que jugar Necesidad de apostar cantidades cada vez más grandes de dinero para sentir excitación Intentos repetidos e infructuosos por jugar menos o dejar de jugar Inquietud o irritabilidad cuando itenta jugar menos o dejar de jugar Jugar para escapar de los problemas o de sentimientos de tristeza o ansiedad Intentar recuperar las pérdidas apuesta mayores cantidades de dinero para intentar recuperar las pérdidas previas Mentir sobre la cantidad de tiempo o dinero gastada en el juego Cometer crímenes para conseguir dinero para el juego Pérdida del trabajo relaciones importantes u oportunidades en sus estudios o en su carrera debida al juego Necesidad de pedir dinero prestado para sobrevivir debido a las pérdidas ocasionadas por el juego Lo saque de esta página hay otras cosas que pueden interesarte Dirección de esta página http www nlm nih gov medlineplus spanish ency article 0015 20__________________24 hs 
2	002	106516	yo les apuesto que si hubiese un sitio donde uno va y le cortan un brazo siempre uno no vuelve jamás aca nos cortamos la vida sufrimos lloramos nos lamentamos no dormimos etc y seguimos yendo solo porque como siempre he dicho nos gusta el dinero facil la soledad fantasear y tenemos una ausencia de adrenalina que la buscamos alli apostando cada vez mas para despertar nuevas emociones 
2	003	193760	Buenas noches mujerde Habla nuevamente con él muéstrale como cada vez va a más la adicción con hechos cantidades hojas de la cartilla del banco si tienes sospecha que le haya podido pedir a alguien dinero averígualo Explícale que hay mucha gente que lo acaba perdiendo todo porque cada vez apostará más y más para recuperar y que esa no es la forma ni de recuperar dinero ni de recuperar la relación y que tarde o temprano no podrás aguantar la situación y que no quieres que ese día llegue todo depende de si acude a una asociación donde le pueden ayudar 
2	004	289960	Empieza a hacer cosas que te hagan sentir bien busca busca y piensa seguro que hay un montón más de las que imaginas pintar pasear hacer deporte leer hacer voluntariado ayudar a alguien Busca una asociación pero ya no lo dejes para mañana y ve allí conocerás a gente en tu situación que te va a ayudar un montón te lo digo por experiencia harás amigos y tú también aportarás allí cosas que te harán sentir bien 
2	005	61059	Empecé como casi todo el mundo unos bonos Gratuitos en apuestas deportivas y en poco tiempo estaba enganchado apostando a todo lo que se movia y cada vez en mayores cantidades a eso se le juntó más tarde el poker hasta que os conocí y leyendo dije se acabó me borre de todas las páginas online y del poker tras perder mucho dinero alguna vez esporádica jugué a la ruleta online 
2	006	141781	solo o lo digo para que la apoyeis y poco a poco empezeis a comentarle como os sentias cuando jugabais en que pensabais por que cuando perdias gran cantidad de dinero le montabais un follon de cojones para que os dejara en paz pensar en esas cosas y si al principio cuesta hablar con el mas cercano pero se puede conseguir 
2	007	164040	 Aca tiene una lista por si les sirve de ayuda Pasar mucho tiempo pensando en el juego como experiencias pasadas o formas de conseguir más dinero con que jugar Necesidad de apostar cantidades cada vez más grandes de dinero para sentir excitación Haber tenido muchos intentos infructuosos por jugar menos o dejar de jugar Sentirse inquieto o irritable al tratar de jugar menos o dejar de jugar Jugar para escapar de los problemas o de sentimientos de tristeza o ansiedad Apostar mayores cantidades de dinero para intentar recuperar las pérdidas previas Mentir sobre la cantidad de tiempo o dinero gastada en el juego Cometer delitos para conseguir dinero para jugar Perder el trabajo una relación u oportunidades en sus estudios o en su carrera debido al juego Necesidad de pedir dinero prestado para sobrevivir debido a las pérdidas ocasionadas por el juego
2	008	98931	me presento soy un hombre de 32 años y llevo unos 5 apostando en paginas online empeze con poco dinero por probar y despues de todo este tiempo no e sabido parar y estoy lleno de deudas y de prestamos y tarjetas tengo casi 20 000 euros que debo entre prestamos y tarjetas de credito y mi sueldo de 1000 euros no da para mas no se que hacer no le e dicho nada a mi familia ni a mi novia pero estoy arruinado me da verguenza decirselo a alguien cada vez que cobro ingreso grandes cantidades y aunque muchas veces gane al final siempre acabo perdiendolo todo y volviendo a ingresar para recuperar y lo vuelvo a perder todo siempre tengo en la cabeza el poder conseguir 300 euros para meterlos e ir poco a poco sacando dinero y mejorar mi situacion pero siempre lo pierdo y es un sinvivir no se que hacer e pensado hasta en quitarme la vida y dejar de comerme la cabeza antes tenia interes en muchas cosas hobbies ahora lo e perdido todo y me paso todo el dia delante del ordenador para nada si alguien a estado en mi situacion y puede aconsejarme no ire a ningun centro de ayuda porque me muero de verguenza prefiero superarlo solo sino no se que sera de mi 
2	009	237552	hola sandra soy mami creo que hombrenuevo tiene razon deberias hablar con el seguramente sus miedos a recaer en el juego se camuflan en los videojuegos pero tiene que reconocer que no es una salida hay cantidad de cosas por hacer en pareja deberiais buscar alternativas para que llenen vuestras vidas y tu sandra apoyale estoy segura que te necesita mas que nunca un besito y se fuerte ya veras como encontramos entre todos la solución __________________neusima
2	010	109818	Yo hoy puedo manejar las cantidades de dinero que sean necesarias y lo hago Repito que cada uno tiene su velocidad y mi esperiencia no es extrapolable Lo que si ha cambiado es mi relacion con el dinero en la vida y con 5 euros puedo tranquilamente ir seguro por la vida 
3	001	25334	Si ha vuelto a jugar habiéndose propuesto que lo dejaría No se avergüence porque es normal que le ocurra usted es responsable de jugar o no jugar al iniciarse en el juego pero no se culpabilice de la enfermedad determinados juegos tienen un potencial adictivo del que las autoridades y la prensa poco han informado 
3	002	43763	Si ha vuelto a jugar habiéndose propuesto que lo dejaría No se avergüence porque es normal que le ocurra usted es responsable de jugar o no jugar al iniciarse en el juego pero no se culpabilice de la enfermedad determinados juegos tienen un potencial adictivo del que las autoridades y la prensa poco han informado 
3	003	38292	Si ha vuelto a jugar habiéndose propuesto que lo dejaría No se avergüence porque es normal que le ocurra usted es responsable de jugar o no jugar al iniciarse en el juego pero no se culpabilice de la enfermedad determinados juegos tienen un potencial adictivo del que las autoridades y la prensa poco han informado 
3	004	239496	Despues de 25 años sin jugar y mirando hacia atras siento una alegria inmensar al poder decir hoy que en su dia tome la decision correcta de no jugar nunca mas Por supuesto que he recuperado toda mi autoestima que durante mucho tiempo estuvo por los suelos No he vuelto a mentir Profesionalmente y a partir de dejar el juego me resulto mas facil el progresar en mi profesion llegando a ocupar cargos de maxima responsabilidad en empresas multinacionales Ahora ya hace años que estoy jubilado La relacion con la familia a partir de entoces ha sido excelente y ya a quedado todo olvidado 
3	005	261196	Despues de 25 años sin jugar y mirando hacia atras siento una alegria inmensar al poder decir hoy que en su dia tome la decision correcta de no jugar nunca mas Por supuesto que he recuperado toda mi autoestima que durante mucho tiempo estuvo por los suelos No he vuelto a mentir Profesionalmente y a partir de dejar el juego me resulto mas facil el progresar en mi profesion llegando a ocupar cargos de maxima responsabilidad en empresas multinacionales Ahora ya hace años que estoy jubilado La relacion con la familia a partir de entoces ha sido excelente y ya a quedado todo olvidado 
3	006	225290	Tengo 23 años y hace aproximadamente unos 2 años que conocí el mundo del juego y las apuestas por internet en más de una ocasión he intentado dejarlo pero al final siempre he vuelto a jugar se que soy ludópata lo reconozco pero aún así ahora sólo tengo un objetivo en la vida que es recuperar el dinero que he perdido en las apuestas que no ha sido poco ni mucho menos Aunque no conozca a nadie de vosotros seguro que me diréis que no es la actitud adecuada etc ya he visitado un psicólogo y un psiquiatra y no me han ayudado en absoluto he tomado también medicación para la depresión que sufro desde hace años y por la cual empecé a jugar pero la verdad es que ya no es suficiente y ya me importa muy poco lo que pueda pasar Me he registrado al foro y escribo tan sólo para compartir mi experiencia con vosotros se que el primer paso para salir de esto es la voluntad de querer dejarlo pero cuando he perdido hasta eso qué debo hacer Un saludo a todos y feliz año 
3	007	117447	La psicologa que consiguio que dejara el juego es la d la asociacion a la que acudia y a la que he vuelto a ir en dos ocasiones mas dspues de dejarlo la primera vez me asuste y ese miedo a recaer hizo que no jugara durante dos años volvi al bingo una tarde de domingo o sabado con mi madre y su amiga y la lie pense que no pasaria nada solo por ver no iva con intencion de jugar sino de acompañar evidentemente jugue 
3	008	239736	Se que no debo ir y estoy tratando de estar ocupada para no hacerlo pero quisiera saber si es normal esto que me pasa porque hasta hoy no habia sentido las ganas de ir a jugar 
3	009	140754	Hola Saginer yo soy como tu habia intentado muchas veces en 25 años dejar de jugar por mi cuenta asistiendo una dos o algunas veces a un grupo de autoayuda tambien lo habia intentado por salud mental y bueno no se como bueno si lo se pero aun no me lo explico del todo esta vez llevo 8 meses sin jugar 
3	010	90011	AQUI REPRODUZCO ALGUNOS DE MIS PRIMEROS POST no me cabe la menor duda que lo importante es dejar de jugar ahora bien yo me pregunto si llevo toda una vida perdida y desde hace 8 o 10 años he tomado conciencia de que estaba enfermo y he luchado para no jugar y habiendolo conseguido en mas de una ocasion lo cual hacia que me sintiera feliz como se explica que vuelva atras una y otra vez supongo que cada caso sera distinto 
4	001	219702	Se siente ansioso nervioso deprimido o aburrido cuando no está conectado a Internet 
4	002	235887	Lo que te quiero preguntar es lo siguiente has estado en los casinos o salas de maquina hablando con los jugadores compulsivos has observado sus actitudes y comportamientos Nosotros aca en el foro somos aquellos mismos jugadores compulsivos pero ahora motivados a dejar eso atras Si estamos aca en el foro es porque buscamos ayuda desesperadamente 
4	003	113968	Si no entiedo mal cuando uno deja de jugar tiene estos sintomas físicos Temblores nauseas diarreas etc NO ESTOY DE ACUERDO YO NO HE TENIDO NINGUN SINTOMA DE ESOS NINGUNO Y si no he entedido mal cuando uno deja de jugar se le altera el humor el animo esta nervioso etc Tampoco estoy de acuerdo con ninguno Espero que los que dejeis de jugar no creais que os van a pasar estas cosas 
4	004	80268	Si seguimos jugando para pagar puede pasar que 1 Sigamos perdiendo mucho más lo más lógico 2 Ganemos algo consigamos pagar alguna deuda pero luego volveremos a perder y entonces empezar de nuevo 3 Y claro con nuestro pensamiento si tenemos la desgracia de ganar no somos capaces de parar y caeremos Si se paga con lo que ahorramos o ganamos trabajando creo que además de no depender de los infiernos del juego nos daremos cuenta de lo que cuesta tener un duro en el bolsillo y nos hará crearnos unos hábitos saludables Es solo mi opinión y lo que pienso
4	005	266261	bueno en mi caso mi pareja dejo supuestamente de jugar a las maquinitas pero se la pasa todo el dia salvo cuando va a trabajar jugando a la play o al ordenador y la verdad para mi es lo mismo vale no se juega el dinero pero esta en casa y hace de cuenta q no esta porq le decis las cosas le hablas y no te escucha es como q no esta en este mundo yo se lo digo y el dice q esta bien q no pasa nada pero les aseguro q cada dia estamos mas alejados para mi es igual de malo q las tragaperras saludos coty
4	006	321641	 Siguio jugando a pesar de saber que aumentarian los problemas que estaba teniendo con otras personas como los miembros de su familia los amigos o su trabajo 
4	007	209913	DIOS MIO TE PASA LO MISMO QUE AMI YO HE GANADO JUGANDO EN UN CASINO HASTA 12 000 EUROS ENPESANDO A JUGAR SOLO CON 150 IMAGINATE ESE DIA DE LOS 12 OOO ME QUEDARON 7 OOO VALE ME PASO LO QUE DICES NO PUEDE DORMIR PERO FUE PORQUE NO ME FUI CUANDO TENIA LOS 12 OOO OK EL DIA SIGUIENTE EN EL TRABAJO IMAGINATE SALIENDO LES CASINO ALAS 3 30 DE LA MADRUGADA QUE PUEDE UNO DORMIR PUES NO EL ENCARGADO TUVO QUE DARME EL DIA LIBRE 
4	008	240669	 silenciosoUsuarioIngresado 07 de Agosto de 2007Mensajes 19 Escrito el 11 de Setiembre de 2007 a las 17 48 A pesar de llevar casi seis meses sin jugar sigo con mi mundo de problemas que me hacen pensar cosas comerme el tarro sin encontrar la solución 
4	009	298559	Siento verguenza de mi misma eso suele ocurrir pero de lo que deberiamos de tener verguenza no es de haber enfermado sino de no poner los medios nesesario para curarnos no estoy preparada para contarselo ese es un mal trago que tendras que pasar si de verdad quieres salir de esto cuando mas tardes peor sera no puedo romperles a todos las navidades que mejor regalo que iniciar tu recuperacion 
4	010	342138	Sé lo que es desgastarse aflijirse y luchar sola contra todo uno siente que no le dan las fuerzas y la psiquis puede soportar muchas cosas pero cuando ya son más los problemas que las cosas positivas se produce un desequilibrio vienen las depresiones y es AHÍ a donde apunto y te digo que te cuides por que uno hace lo que puede pero no más que hasta donde dan nuestras fuerzas 
5	001	98931	me presento soy un hombre de 32 años y llevo unos 5 apostando en paginas online empeze con poco dinero por probar y despues de todo este tiempo no e sabido parar y estoy lleno de deudas y de prestamos y tarjetas tengo casi 20 000 euros que debo entre prestamos y tarjetas de credito y mi sueldo de 1000 euros no da para mas no se que hacer no le e dicho nada a mi familia ni a mi novia pero estoy arruinado me da verguenza decirselo a alguien cada vez que cobro ingreso grandes cantidades y aunque muchas veces gane al final siempre acabo perdiendolo todo y volviendo a ingresar para recuperar y lo vuelvo a perder todo siempre tengo en la cabeza el poder conseguir 300 euros para meterlos e ir poco a poco sacando dinero y mejorar mi situacion pero siempre lo pierdo y es un sinvivir no se que hacer e pensado hasta en quitarme la vida y dejar de comerme la cabeza antes tenia interes en muchas cosas hobbies ahora lo e perdido todo y me paso todo el dia delante del ordenador para nada si alguien a estado en mi situacion y puede aconsejarme no ire a ningun centro de ayuda porque me muero de verguenza prefiero superarlo solo sino no se que sera de mi 
5	002	206860	 Despues llamare a la asociacion que he decidido por proximidad Y no parare hasta conseguir una cita a poder ser en estos cuatro dias Y voy a aclararme la lista de deudas pues tengo uno gastos de empresa sin aclarar desde octubre del 2006 y pedi pedi y pedi sin nunca hacer las cuentas y no se lo que les debo Por ahora eso no ha cantado por las peculiaridades de la empresa pero puede aparecer en cualquier momento y ademas yo los puedo reducir no pidiendo y pagando gastos 
5	003	339045	PERO PARA EL APOSTADOR COMPULSIVO EL UNICO CAMINO ES NO JUGAR que los juegos de azar dejemos de lados las tragaperras que estàn parametrizadas y no es juego donde uno pueda desarrollar tàcticas como en otros juegos sean practicamente imposible no significa que los juegos de azar no sean invencibles reitero PARA EL APOSTADOR COMPULSIVO NO NI PARA EL JUGADOR principiante es mas SI NO CONOCEN LA FORMA NO JUEGUEN PORQUE SI PERDERAN pero este siquiatra deberìa dedicarse a hablar de patologìas y enfermedades y no hacer referencia al Azar porque ni el sabe que el AZAR tampoco es azar porque TIENE LEYES la mala noticia es que se cumplen en promedios y la buena que se cumplen en un 95 
5	004	85411	Para unos puede ser más difícil que para otros pero al menos el deseo es salir de la mierda del juego de apuestas que sólo provoca destrucción No sé que opinas pienso que si has vuelto a entrar en el foro no será sólo para darnos la noticia de que sigues jugando pero que no pasa nada por la ridícula cantidad que empleas 
5	005	85441	Para unos puede ser más difícil que para otros pero al menos el deseo es salir de la mierda del juego de apuestas que sólo provoca destrucción No sé que opinas pienso que si has vuelto a entrar en el foro no será sólo para darnos la noticia de que sigues jugando pero que no pasa nada por la ridícula cantidad que empleas 
5	006	110130	mucha gente cuando acaba de perder grandes cantidades de dinero y estan desesperados buscan consejo por internet encuentran este foro y esperan respuestas milagrosas de que como dejar el juego de un dia para otro pero tristemente se pueden tardar años en recuperar la normalidad y es ese el camino correcto medidas preventivas para empezarbuscar ayuda profesionaly volver a reeducarnos y pagar deudastodo esto mezclado con la dureza de los tiempos que vivimos en españa que aun lo hace mas valorable el salir adelante por eso felicidades por dar ejemplo simplemente FELICIDADES 
5	007	28105	Julio si quiero dejar de jugar desearía no haber conocido el juego nunca pero por más que quiero dejar de jugar no puedo es como si una fuerza extraña e inexplicable me lleva a apostar incluso en contra de mi voluntad aún sabiendo que voy a perder salud y dinero de alguna forma vuelvo a jugar una y otra vez así me juré que no lo haré mas
5	008	118650	Otra cosa no habre hecho yo pero si tu supieras los inventos que yo he hecho para sacar dinero en la crisis del 94 y sin paro ninguno de los dos despues de cerrar una empresa Solo te digo que acabe hasta trabajando en Thailandia ja ja ja Poco me puede contar el tonto de los c que mandaba a trabajar el otro dia a los parados a Laponia 
5	009	49929	escribió Acude a una asociación Aquí puedes hablar escribir Es un modo de poder desahogarte Pero la ayuda has de buscarla en tu entorno Bienvenido y animo Te lo vuelvo a decir es en tu entorno donde has de buscar ayuda Pero has de tener claro que clase de ayuda nesecitas Aquí en el foro puedes encontrar buena información sobre lo que de verdad es la ludopatia y que clase de ayuda has de buscar Según tus testimonios estás actuando a ciegas A todos nos ha pasado hemos buscado ayuda para resolver poblemas causados por la ludopatia Económicos depresión ansiedad etc Pero la verdadera ayuda para combatir la ludopatia siempre lo hemos dejado a un lado y por tanto hemos vuelto a tener los mismos poblemas una y otra vez Tienes que asumir bien lo que es la ludopatia y buscar ayuda para combatirla No esperes que te pongan un tratamiento y listo esto no funciona así Tienes que reeducarte para vivir sin juego y para eso el primer paso es no jugar y solo lo conseguirás con medidas que te hagan imposible jugar y a partir de ahí comenzar tu reeducación con cambios de hábitos y con asimilación de tu incapacidad En fin chico tu mismo Un abrazo
5	010	29902	escribió Acude a una asociación Aquí puedes hablar escribir Es un modo de poder desahogarte Pero la ayuda has de buscarla en tu entorno Bienvenido y animo Te lo vuelvo a decir es en tu entorno donde has de buscar ayuda Pero has de tener claro que clase de ayuda nesecitas Aquí en el foro puedes encontrar buena información sobre lo que de verdad es la ludopatia y que clase de ayuda has de buscar Según tus testimonios estás actuando a ciegas A todos nos ha pasado hemos buscado ayuda para resolver poblemas causados por la ludopatia Económicos depresión ansiedad etc Pero la verdadera ayuda para combatir la ludopatia siempre lo hemos dejado a un lado y por tanto hemos vuelto a tener los mismos poblemas una y otra vez Tienes que asumir bien lo que es la ludopatia y buscar ayuda para combatirla No esperes que te pongan un tratamiento y listo esto no funciona así Tienes que reeducarte para vivir sin juego y para eso el primer paso es no jugar y solo lo conseguirás con medidas que te hagan imposible jugar y a partir de ahí comenzar tu reeducación con cambios de hábitos y con asimilación de tu incapacidad En fin chico tu mismo Un abrazo
6	001	127577	La familia juega también un papel fundamental apoyando al ludópata y controlando sus gastos El tema de las deudas bastante peliagudo ha de resolverse hablando con los acreedores y planteándose un plan de pagos en el cual el dinero ha de salir exclusivamente de los ingresos del trabajo de quien provoco el agujero y no inmiscuir a la familia ni a otras personas pidíendoles préstamos y prometiendo devolverselos Sí si que está tratado este tema en el foro solamente que cada uno ve las cosas de una u otra forma según en el estado evolutivo que se encuentre su ludopatía Espero haberte ayudado Saludos 
6	002	174436	Como mujer de ludópata mi consejo si puedo dar alguno es que no se lo ocultes a tu novia después de haber dado el paso de confesárselo y ver que te ofrece su ayuda no se merece que la envuelvas en más mentiras nadie puede decir que por saberlo la otra persona no vayas a caer de nuevo 
6	003	67528	mentiras engaños y deudas eran el dia a dia me hacian sufrir y hacian sufrir a mi familia 
6	004	12111	mentiras engaños y deudas eran el dia a dia me hacian sufrir y hacian sufrir a mi familia 
6	005	243942	yo soy la otra cara de la ludopatia soy la mujer de uno y no puedo mas estoy cansada de mentiras y de tener q pedir dinero para comer a la familia y todo esto teniendo dos sueldazos en casa pero el de mi marido ultimamente ni llega a casa lo he llevado al psicologo y he intetado ponerme en su lugar en no agobiarlo y en ayudarlo y de nada me ha serbido acaba mintiendo y volviendo a jugar es desesperante tengo un niño y ni siquiera le importa lo q el pueda necesitar mientras el tenga para jugar luego viene el bajon y a llorar y a pedir ayuda y despues de tantos años ya no le creo y la pena es que aun lo quiero pero lo doy todo por perdido se ha vuelto asta agresivo despota bueno que no es ni por asombro la persona de la q me enamore se q es una enfermedad pero esto ya se me escapa de las manos y no se como ayudarle el dice q esta vez a tocado fondo pero como se q es verdad creo q no estoy preparada para otra osti la verdad es q me encuentro perdida y creo que acabare dejandole por mucho q me duela por q vivir asi no merece la pena y ni yo ni mi hijo nos merecemos aguntar esto creo que si nos quisiera cambiaria asi que no se si alguien me puede aconsejar algo lo agradeceria besos y gracias por lo menos por escucharme lo necesitaba__________________dama
6	006	325743	Bienvenida fortaleza si su pareja no reconoce el problema es muy dificil hacer algo si habla de llaves o sistemas de controlar el azar es la mente de una persona enferma en pleno funcionamiento y está muy equivocado la ludopatia frecuentemente arrastra a familias enteras a la ruina tenga cuidado __________________CONTROLA TUS IMPULSOS
6	007	74197	Estar enfermo de ludopatia o de cualquier otra adiccion no significa estar a disposicion del consentimiento a las recaidas y eso es algo que pasa aqui casi constantemente es raro el dia que no recae alguien alguien que se atreve a decirlo aqui en el anonimato oculto y dispuesto a ser perdonado pero aqui que pasaria si se lo contara a su familia 
6	008	247914	Amigo silencioso como te decia en el final de mi mensaje por el bien de nuestros hijos ojala eso ocurra algun día lamentablemente el gobierno sea cual sea su color o ideologia se preocupan más de otras adiciciones y no prestan importancia a la ludopatia siendo una enfermedad reconocida por la O M S 
6	009	68100	La verdad no creo mucho lo que leo pero dare mi opinion muy sincera insultar y maldecir a otra persona no creo que se parte de mi ludopatia a la unica persona que mando al carajo a cada rato es a mi mismo por ser debil y no poder salir mas rapido de esta enfermedad respeto el comentario de todos y no por eso lo insulto si no es el mismo que el mio cada uno piensa diferente y si me alarmo cuando estoy al frente de una persona que no controla su ira y es facil para el insultar no solo a La persona si no tambien a su familia el camino a la violencia fisica es un camino corto Entro al foro a exponer mi caso entro al foro para que me den animo y dar animo entro al foro cuando estoy triste y con ganas de que el mundo me caiga encima y acabe toda mi miseria y lo que menos quiero oir y mejor dicho leer son los insultos de dos personas que no reconocen sus errores en mi pais no hay una asociación como en su pais España por que creo que ase rato estaria en el buscando la forma de salir de mi problema en mi pais no hay mucha conciencia de esta enfermedad este es el unico lugar donde se que me comprenden pero veo que no somos tolerantes con muchos de nuestros propios comentarios 
6	010	63763	No obstante alucino la poca importancia que le dais a ese tema porque parece que el dinero saliera de debajo de las piedras y como si el ludopata fuera el único enfermo cuando no hay cosa más frustrante que ver como una persona enferma por su ludopatía y que renuncia a cualquier ayuda lleva a enfermar al resto de la familia o es que acaso no tengo que preocuparme en que mi padre lleve años con depresión por culpa de esta situación o que mis hermanos estén con trastornos de ansiedad por el mismo tema 
7	001	337243	 Ha intentado usted dejar de jugar repetidamente sin éxito 
7	002	95837	He intentado dejarlo repetidas veces pero cuando llevas meses sin jugar te crees que ya lo controlas y recaes Ahora llevo 5 meses sin jugar porque no tengo acceso a mi dinero y porque he intentado cambiar muchos de mis habitos y hoy puedo decir que me va bien solo me planteo cuando me levanto hoy no juego no hago planes a mas largo plazo Tenemos que ser fuertes y no engañarnos a nosotros mismos ni a los que nos rodean es duro pero hay que ir dia a dia Muchos animos a todos 
7	003	282055	Intentos repetidos sin éxito para controlar reducir o parar el juego 
7	004	71706	me siento desmotivado por todo y solo vivo el dia a dia estoy totalmente fuera de control he intentado muchas cosas para dejar de jugar sin exito he practicado yoga ejercicios intentar estar todo el dia ocupado 
7	005	292459	 Ha intentado en vano controlar reducir o detener el uso de Internet 
7	006	135730	tu no quieres dejar el juego tu quieres controlar el juego y referente a mio reto no hagas comparaciones manipulables tu sabes perfectamente que quiero decir lo que no tienes como buen jugador es voluntad de compromiso y resistete todo lo que quieras pero hoy en dia solo hay una solucion valida para tu enfermedad y esa es las medidas preventivas a rajatabla y de todas las maneras me parece penoso tu falta de respeto hacia ese grupò de personas ellos seran un rebaño o una manada o secta gracias a una de esas sectas yo llevo 17 años sin jugar viviendo una vida completamente normal solo con una limitacion no juego a nada ni al ajedrez con mi hijo por cierto que en mis 20 años de jugador activo tampoco jugaba al ajedrez con el no tenia tiempo me estrañá mucho que cuando jugabas tubieras tiempo o ganas de jugar al ajedrez con el tuyo por lo que leo tu eres muy listo y sabes mas que otras personas que llevan muchos años en esta lucha haz tu rehabilitacion a la carta y lo dicho suerte que la vas a necesitar
7	007	321637	 Ha intentado dejar de jugar o jugar menos dinero y tiempo 
7	008	239496	Despues de 25 años sin jugar y mirando hacia atras siento una alegria inmensar al poder decir hoy que en su dia tome la decision correcta de no jugar nunca mas Por supuesto que he recuperado toda mi autoestima que durante mucho tiempo estuvo por los suelos No he vuelto a mentir Profesionalmente y a partir de dejar el juego me resulto mas facil el progresar en mi profesion llegando a ocupar cargos de maxima responsabilidad en empresas multinacionales Ahora ya hace años que estoy jubilado La relacion con la familia a partir de entoces ha sido excelente y ya a quedado todo olvidado 
7	009	261196	Despues de 25 años sin jugar y mirando hacia atras siento una alegria inmensar al poder decir hoy que en su dia tome la decision correcta de no jugar nunca mas Por supuesto que he recuperado toda mi autoestima que durante mucho tiempo estuvo por los suelos No he vuelto a mentir Profesionalmente y a partir de dejar el juego me resulto mas facil el progresar en mi profesion llegando a ocupar cargos de maxima responsabilidad en empresas multinacionales Ahora ya hace años que estoy jubilado La relacion con la familia a partir de entoces ha sido excelente y ya a quedado todo olvidado 
7	010	109698	hola tribi no sabia de ti hace mucho estamos iguales maldita enfermedad pero le voy a ganar no me dejare vencer me volvere a levantar hace una año empeze a escribir y a leer los mensajes pero la verdad empeze hace tres años aca con otro nombre ossi deje de jugar un tiempo y volvi me creia muy fuerte y hubo alguien q me hizo aterrizar jugador m y yo senti q me atacaba siendo duro y directo solo tenia razon toda la razon del mundo no es facil salir de esto pero una vez mas lo intentare y si caigo me levantare animo compañeras
8	001	282061	Arriesgar o perder una relación de importancia trabajo u oportunidad escolar o laboral a causa del juego 
8	002	337325	Durante los últimos 12 meses ha perdido usted o ha estado a punto de perder una relación importante un trabajo una oportunidad educativa o de carrera debido al juego 
8	003	354366	Se han puesto en riesgo o perdido relaciones interpersonales significativas trabajo u oportunidades profesionales por causa del juego 
8	004	292465	 Ha sufrido la pérdida de alguna relación significativa en el trabajo la escuela univesidad o algunas oportunidades sociales debido a Internet 
8	005	344297	La Asociación Americana de Psiquiatría American Psychiatric Association define a la ludopatía como una entidad que consta de cinco o más de los siguientes síntomas Hay preocupación por el juego pasa mucho tiempo pensando en el juego como experiencias pasadas o formas de conseguir más dinero con que jugar Necesidad de apostar cantidades cada vez más grandes de dinero para sentir excitación Intentos repetidos e infructuosos por jugar menos o dejar de jugar Inquietud o irritabilidad cuando itenta jugar menos o dejar de jugar Jugar para escapar de los problemas o de sentimientos de tristeza o ansiedad Intentar recuperar las pérdidas apuesta mayores cantidades de dinero para intentar recuperar las pérdidas previas Mentir sobre la cantidad de tiempo o dinero gastada en el juego Cometer crímenes para conseguir dinero para el juego Pérdida del trabajo relaciones importantes u oportunidades en sus estudios o en su carrera debida al juego Necesidad de pedir dinero prestado para sobrevivir debido a las pérdidas ocasionadas por el juego Lo saque de esta página hay otras cosas que pueden interesarte Dirección de esta página http www nlm nih gov medlineplus spanish ency article 0015 20__________________24 hs 
8	006	164040	 Aca tiene una lista por si les sirve de ayuda Pasar mucho tiempo pensando en el juego como experiencias pasadas o formas de conseguir más dinero con que jugar Necesidad de apostar cantidades cada vez más grandes de dinero para sentir excitación Haber tenido muchos intentos infructuosos por jugar menos o dejar de jugar Sentirse inquieto o irritable al tratar de jugar menos o dejar de jugar Jugar para escapar de los problemas o de sentimientos de tristeza o ansiedad Apostar mayores cantidades de dinero para intentar recuperar las pérdidas previas Mentir sobre la cantidad de tiempo o dinero gastada en el juego Cometer delitos para conseguir dinero para jugar Perder el trabajo una relación u oportunidades en sus estudios o en su carrera debido al juego Necesidad de pedir dinero prestado para sobrevivir debido a las pérdidas ocasionadas por el juego
8	007	67094	Nunca he ido a un profesional para tratar este asunto aprendí a conocerlo aprendí a saber sus diferentes formas de expresión así que me mantengo vigilante como un soldado en época de guerra por que él está ahí presente esperando las oportunidades para atacar y de hecho ataca generalmente cuando se está cansado con estrés triste aburrido solo con problemas se convierte en una opción de evasión o de esperanza así que le cerré al juego las formas de alimentarse cerré tarjetas de créditos limite los montos a mínimos en los bancos evito las calles donde hay casinos o cualquier incitación al juego cargo lo esencial del día adquirí hábitos saludables Gimnasio Alimentación con frutas y verduras duermo el tiempo suficiente no trasnocho no bebo no fumo deje amistades dañinas y aprendí a compartir mas con mis seres allegados y sobre todo me perdone por mi pasado y decidí construir mi presente con trabajo y no con dinero fácil detestó todo lo que huela a dinero fácil porque siempre se pierde de una o de otra manera 
8	008	172935	Ojala algun dia tenga la oportunidad 
8	009	251889	 ojos verdes escribió HOLA AMIGOS DEL FORO NO ME CONOCEN NI YO LOS CONOSCO PERO YO COMO TODOS UDS ESTAMOS LUCHANDO POR SALIR DE ESTE INFIERNO EN QUE VIVIMOS POR CAUSA DEL JUEGO TODOS HEMOS TENIDO UN DIA UNA HORA UN MOTIVO PARA ACUDIR A ESAS CASAS DEL VICIO Y SEGURAMENTE SIN DARNOS CUENTA YA ESTABAMOS ENREDADOS Y TRANCURIENRON VARIOS AÑOS PARA RECIEN DARNOS CUENTA QUE ESTAMOS ANIQUILADOS Y REACCIONAMOS Y QUEREMOS SALIR YO PARTICULARMENTE TODOS LOS DIAS LUCHO POR LIBERARME DE ESTO Y SE ME HACE MUY DIFICIL POR QUE TODO EL DIA LE TENGO EN MI MENTE LAS GANAS DE JUGAR PENSANDO QUE SI VOY HOY DIA VOY HA GANAS ALGO PERO NO ES ASI SOLO PIERDO Y ME PONE DE MAL HUMOR Y DESCUIDO MI PROPIA VIDA POR ESTAR ATADA A LOS AMOS DE LAS CAVERNAS LOS DUEÑOS DE ESOS LOCALES QUE SOLO TRAEN DESGRACIA Y DESTRUCCION FAMILIAR QUERIDOS AMIGOS SIGAMOS EN PIE PARA LIBERARNOS DE ESE MAL LES DESEO MUCHO FUERZA DE VOLUTAD Y VALOR PARA QUE SIGAN ADELANTE Y LO LOGREN MUY PRONTO Y PUEDAN VIVIR SUS VIDAS A PLENITUD SIN ATADURAS SIN DEUDAS NI MARTIRIOS 
8	010	219614	Hay administrator administrator que se te ven los estrators Administrator Si supieras lo que es una adicción quizás podrías opinar con más criterio sobretodo para diferenciarlo de una manía de problemas de socialización educativos perversiones necesidades básicas tecnologia y nuevas oportunidades en fin por estar confundido con la terminologia de los medios o por corrientes que necesitan mezclar a los pacientes porque no pueden formar grupos de terapia por separado me parecería poco razonable echarte del foro incluso te daría la oportunidad de demostrar donde está el interés en tener una perspectiva profesional sobre las adicciones que dificulta la formación de grupos de terapia que defiendo pero las intervenciones que has hecho en otros hilos con gente que pedía ayuda vulneran claramente el aviso de respeto en el foro que debéis cumplir y te envian fuera del foro Editado por administrator 24 de Enero de 2008 a las 00 32__________________positrivico
9	001	354367	Se confía en que los demás proporcionen dinero que alivie la situación financiera causada por el juego 
9	002	269025	Una riada es una avenida inundación o crecida En el foro últimamente ha habido un aluvión sinomino de riada de opininiones enfrentadas que parecian desbordarse Aunque las riadas arrastran muchos materiales tambien posibilitan que terrenos yermos sean productivos en el futuro Despues de una riada es necesario limpiar el cauce y esa es la razón de este post Empecemos FamiliaresSon aquellas personas que sin tener problemas con el juego sufren sus consecuencias pueden actuar de dos formas 1º Inhibiendose soltando amarras y rompiendo con el jugador lógico pues ellos no tienen el problema y solo sufren sus consecuencias 2º Implicandose ayudando y asumiendo las incomodidades de la recuperación Las dos posturas son aceptables pues a nadie se le puede obligar Solo dos donsideraciones pedir que los familiares que se desliguen del problema no viertan en el foro sus hieles contra otros foreros pensaria que tambien tienen un problema Agradecer a los familiares que se implican que manifiesten sus estados de ánimos sus logros y sus fracasos 
9	003	110799	 sobre la hipotética idea de que SABER cuando parar hace que SÍ se gane dinero incentivando con ello la ilusión de aquellas personas que desesperadas por su ruina económica y personal entran en el foro buscando ayuda o quizás me equivoco y otra supuesta pretensión pueda ser hacer SABER a esas mismas personas las enormes cantidades a las que pueden optar en una sola noche de la mal llamada buena suerte 
9	004	326316	EL DÍA SÁBADO TUVE UNA DISCUSIÓN MUY GRANDE CON MI MARIDO DESESPERADA ANGUSTIADA SIN SABER QUE HACER LLOVIENDO TORRENCIALMENTE DECIDÍ PEDIR AYUDA ME DIRIGÍ A UN CENTRO ASISTENCIAL DONDE ME ATENDIÓ UN MÉDICO PSIQUIÁTRA NO PODÍA PARAR DE LLORAR PRIMERO LE CONTÉ LO OCURRIDO CON MI MARIDO HABLAMOS UN POCO DE MI SITUACIÓN CON MIS PADRES Y POR ÚLTIMO NO ME ANIMABA A DECIRCELO PERO PUEDE CONTARLE LO DE MI LUDOPATÍA ME SUGIRIÓ QUE EMPIEZE UN TRATAMIENTO URGENTE Y TAMBIÉN ME DIJO QUE POR LA CLÍNICA PASARON MUCHOS PACIENTES CON LUDOPATÍA Y HASTA ME SUGIRIÓ UNA INTERNACIÓN LA CUAL NO ACEPTÉ POR LOS CHICOS TERMINADA LA SESIÓN ME DIÓ UN ANSIOLÍTICO QUE MÁS QUE ESO PARECÍA UN SOMNÍFERO PORQUE EL SUEÑO ME VENCIA 
9	005	209615	Parece que necesitas ayuda y poner las condiciones necesarias Plantéate de ir tu a la asociación aunque el no quiera ir porque entre que le exiges ni una mentira más y por otro lado no quieres agobiarlo te veo un poco perdida y es fácil que el lo interprete como debilidad desorientación poca consecuencia demasiado peligroso Buena idea contarlo a la família pero siguiendo la medida preventiva general a aquellas personas que os puedan ayudar de una manera u otra __________________
9	006	259991	Sólo por hoy en positivo creo que las situaciones difíciles a menudo dan lugar a cualidades que de otra manera nunca habrían visto la luz como el valor la fe y nuestra necesidad de otras personas que todas nuestras experiencias pueden ayudarnos a crecer 
9	007	171512	Algo muy urgente es que una persona que se encuentra en situación desesperada haya alcanzado el convencimiento absoluto de que necesita salir de ésto y pida ayuda para detener el juego 
9	008	5845	Quizas recien me este dando cuenta de la dimension que tiene esto lejo de todas las palabras bonitas hoy me levante despues de perder mucho dinero anoche sin ganas de levantarme de la cama sin ganas de comer con un nudo en el estomago Llame a la universidad para tener una sesion con un consejero al cual voy a pedirle hacer terapia ademas de ir a jugadores anonimos Y voy a tener que confiar las finanzas a mi hermana la persona en la que mas confio Pero me siento mal de tener que hacerlo es como que me cuesta aceptar que el juego pudo conmigo y tener que pedirle a alguien mas que administre mi dinero me da mucha verguenza Hoy siento verguenza de mi mismo y siento que no puedo confiar mas en mi porque termino haciendo cosas que no quiero hacer y que son muy autodestructivas Gracias por los mensajes duros pero reales Tan reales como estar dejando mi vida en una maquinita de mierda de colores con piramides faraones y cleopatra Esperando el bonus para que solucione los problemas de mi vida Mis deudas mi baja autoestima el quedarme sin dinero para vivir todo el mes como un pordiosero Esto no puede seguir asi que dolor que tristeza GRACIAS POR ESTAR LOS NECESITO MUCHISIMO seba
9	009	57041	Hay personas en el foro que no les queda mas remedio que hacerlo asi pero eso no quiere decir que las otras propuestas no te hagan el camino mas sencillo Esta pequeña polemica es interesante porque nos aportan 3 puntos de vista distintos en cuanto a querer dejar el juego y pedir ayuda para ello 1 quieres y pides ayuda teniendo esa posibilidad2 quieres y NO pides ayuda teniendo esa posibilidad3 quieres y no pides ayuda porque no tienes esa posibilidadMi opinion es que el segundo punto de vista no ha de plantearse nunca Y como he dicho anteriormente es mi opinion sin animo ni de ofender ni de menospreciar __________________Hay que hacer TODO lo necesario durante el tiempo que sea necesario
9	010	304808	al dia siguiente no habria nadia quien me parara y además me volvían a salir mis defectos de carácter por ejemplo la ocultación la deshonestidad a mi mujer no le iba a decir que he echado una moneda en la máquina y me he parado pues asi empezó mi vida como jugador compulsivo no es sólo el dinero perdido lo importante sino la pérdida de tus valores como persona__________________MENTE SANA HONESTIDAD BUENA VOLUNTAD
