1	001	164040	 Aca tiene una lista por si les sirve de ayuda Pasar mucho tiempo pensando en el juego como experiencias pasadas o formas de conseguir más dinero con que jugar Necesidad de apostar cantidades cada vez más grandes de dinero para sentir excitación Haber tenido muchos intentos infructuosos por jugar menos o dejar de jugar Sentirse inquieto o irritable al tratar de jugar menos o dejar de jugar Jugar para escapar de los problemas o de sentimientos de tristeza o ansiedad Apostar mayores cantidades de dinero para intentar recuperar las pérdidas previas Mentir sobre la cantidad de tiempo o dinero gastada en el juego Cometer delitos para conseguir dinero para jugar Perder el trabajo una relación u oportunidades en sus estudios o en su carrera debido al juego Necesidad de pedir dinero prestado para sobrevivir debido a las pérdidas ocasionadas por el juego
1	002	344327	En el que puso SUSANA solo me encuentro algo identificado en Hay preocupación por el juego pasa mucho tiempo pensando en el juego como experiencias pasadas o formas de conseguir más dinero con que jugar Intentos repetidos e infructuosos por jugar menos o dejar de jugar Y me explico me preocupo porque se que si no lo corto me puede llevar a un gran problema Lo he dejado 2 veces y luego he vuelto porque me apetecio aunque despues me senti rastrero 
1	003	130231	Él es un enfermo un ser pasivo que padece una dolencia como cualquier otra como la diabetes por ejemplo Que yo sepa nunca nadie que ha transpasado la barrera de jugador patologico a los juegos de apuestas a conseguido volver al estado de jugador social que juega segun su conveniencia parando ante unas perdidas que tenia ya pensadas y marchandose a su casa con el dinero restante como si aqui no hubiera pasado nada 
1	004	266234	Cuando ya no tenia dinero para jugar a la tragaperras me seguia jugando el puesto de trabajo la relacion de trabajo la pareja y demas relaciones personales por jugar con el movil e incluso por hacer sudokus buscaba de cualquier modo eludir el mundo real y en caso de no tener dinero mi mundo de fantasia se encontraba en el menu de juegos del movil o en un libro de pasatiempos crucigramas sudokus dameros cualquier cosa con tal de no enfrentarme a la vida y sus problemas 
1	005	24471	Describes a menudo con prolijidad tus experiencias pasadas de como jugabas y cómo hiciste para dejar de jugar nos cuentas cómo jugaste durante casi toda tu vida y el juego te hacía hacer y pensar en cosas que no entendías por desconocimiento de la adicción hace ya varios años que sabes lo que sucedió y con tu método conseguiste dejar de jugar pero no has logrado dejar de pensar en el juego un solo día de tu vida 
1	006	249324	Tendrás que conseguir que dejen de estar enfadados tus hermanos y esperar a la próxima oportunidad que pidan dinero para decir el sí os queremos pero no podemos seguir financiando el juego y no os ayudamos para que sigáis jugando y os hundáis y nos estaféis venid aquí id allí haced esto y lo otro con nosotros pero hacemos control del dinero y os ponéis en tratamientote si no queréis ahora no pasa nada os seguimos queriendo y esperando a que queráis la ayuda que podemos daros 
1	007	88774	el juego juego es y el que pueda jugar controladamente hace bien en emplear su dinero y su tiempo en lo que mejor le parezca pero el ludopata no puede jugar porque pierde todo control juega convulsivamente y deja otras actividades por el descontrol del juego no hay que demonizar al juego otro tema distinto es la agresividad que emplean los empresarios del juego para atraer clientes de todas folma yo ya era ludopata en tiempo de Franco y entoces el juego estaba prohibido o por lo menos no estaba tan estendido como ahora asi pues no creo que una prohibicion solucionase nada tal vez una mejor regulacion y sobre todo mas medios para los que nos hacemos ludopatas poder seguir tratamientos adecuados__________________ vencer la ludopatia1º aceptacion 2º convencimiento 3ºresolusion y tratamiento
1	008	165649	si cuando juegas es para cubrir las perdidas del dia anterior si cuando entras en un salon de juegos toda tu obsesion es ponerte a jugar sin pensar en las consecuencias si has dejado cosas importantes por hacer para jugar eres ludopata aunque todabia este a tiempo de no desarrollar mas tu enfermedad aunque las consecuencias economicas no sean graves preguntate porque cojes la tarjeta y pones dinero en un juego y no te compras lo que quieras verdad que es curioso
1	009	321843	 estas entrando en una etapa de juego que en mi experiencia es donde la enfermedad empieza a hacerce fuerte porque a pesar de notar que algo no esta bien seguis jugando hasta llegar al descontrol total por ese motivo debes cortar esto lo antes posible Lei que te estas informando lee todo lo que puedas y sigue todas la reglas porque son importantisimas sobre todo lo de que alguien controle el dinero el que hables con tu mujer va a ser lo mejor ella es quien te acompaña en la vida amigo ella es quien te ama Buscale la vuelta lo mas importante es que realmente estes convecido y firme en dejar de jugar Un abrazo mucho mucho animo y te sigo leyendo Daniel Argentina mas de 1 mes y medio sin jugar
1	010	160537	El juego se basa en estímulos por mucho que yo esté segura que no voy a jugar si llevo dinero cualquier estímulo puede cambiar mi destino Porque como jugadores de máquinas nos han pasado experiencias que vemos pensamos que nos van a salvar la vida Ves a otro jugador perdiendo mucho y quieres cazar su pérdida Y si entras otra vez en el juego lo perderás todo porque ya no te paras vas de máquina en máquina y cuando te des cuenta estarás otra vez sacando de tu targeta de crédito mintiendo y haciendote daño a ti y a tu familia 
2	001	344297	La Asociación Americana de Psiquiatría American Psychiatric Association define a la ludopatía como una entidad que consta de cinco o más de los siguientes síntomas Hay preocupación por el juego pasa mucho tiempo pensando en el juego como experiencias pasadas o formas de conseguir más dinero con que jugar Necesidad de apostar cantidades cada vez más grandes de dinero para sentir excitación Intentos repetidos e infructuosos por jugar menos o dejar de jugar Inquietud o irritabilidad cuando itenta jugar menos o dejar de jugar Jugar para escapar de los problemas o de sentimientos de tristeza o ansiedad Intentar recuperar las pérdidas apuesta mayores cantidades de dinero para intentar recuperar las pérdidas previas Mentir sobre la cantidad de tiempo o dinero gastada en el juego Cometer crímenes para conseguir dinero para el juego Pérdida del trabajo relaciones importantes u oportunidades en sus estudios o en su carrera debida al juego Necesidad de pedir dinero prestado para sobrevivir debido a las pérdidas ocasionadas por el juego Lo saque de esta página hay otras cosas que pueden interesarte Dirección de esta página http www nlm nih gov medlineplus spanish ency article 0015 20__________________24 hs 
2	002	164040	 Aca tiene una lista por si les sirve de ayuda Pasar mucho tiempo pensando en el juego como experiencias pasadas o formas de conseguir más dinero con que jugar Necesidad de apostar cantidades cada vez más grandes de dinero para sentir excitación Haber tenido muchos intentos infructuosos por jugar menos o dejar de jugar Sentirse inquieto o irritable al tratar de jugar menos o dejar de jugar Jugar para escapar de los problemas o de sentimientos de tristeza o ansiedad Apostar mayores cantidades de dinero para intentar recuperar las pérdidas previas Mentir sobre la cantidad de tiempo o dinero gastada en el juego Cometer delitos para conseguir dinero para jugar Perder el trabajo una relación u oportunidades en sus estudios o en su carrera debido al juego Necesidad de pedir dinero prestado para sobrevivir debido a las pérdidas ocasionadas por el juego
2	003	193760	Buenas noches mujerde Habla nuevamente con él muéstrale como cada vez va a más la adicción con hechos cantidades hojas de la cartilla del banco si tienes sospecha que le haya podido pedir a alguien dinero averígualo Explícale que hay mucha gente que lo acaba perdiendo todo porque cada vez apostará más y más para recuperar y que esa no es la forma ni de recuperar dinero ni de recuperar la relación y que tarde o temprano no podrás aguantar la situación y que no quieres que ese día llegue todo depende de si acude a una asociación donde le pueden ayudar 
2	004	106516	yo les apuesto que si hubiese un sitio donde uno va y le cortan un brazo siempre uno no vuelve jamás aca nos cortamos la vida sufrimos lloramos nos lamentamos no dormimos etc y seguimos yendo solo porque como siempre he dicho nos gusta el dinero facil la soledad fantasear y tenemos una ausencia de adrenalina que la buscamos alli apostando cada vez mas para despertar nuevas emociones 
2	005	83491	El adicto al juego necesita ir aumentando cada vez más tiempo y dinero en apuestas para equilibrar su balance Otra consecuencia es la falta de control cuando se está apostando Tu cabeza te pedía haber apostado 5 y terminaste apostando 32 no pudiste parar con 5 perdidos 
2	006	83521	El adicto al juego necesita ir aumentando cada vez más tiempo y dinero en apuestas para equilibrar su balance Otra consecuencia es la falta de control cuando se está apostando Tu cabeza te pedía haber apostado 5 y terminaste apostando 32 no pudiste parar con 5 perdidos 
2	007	259602	Y esto explica el por què uno tiende a incrementar la cantidad de dinero en cada apuesta porque como cualquier droga se da el efecto de tolerancia es decir necesito cada vez màs droga para conseguir el mismo efecto de excitaciòn 
2	008	180432	Cada vez que consigo una cantidad de dinero importante más de cien euros siento la necesidad irrefrenable de jugar detecto los sintomas pero mi mente se bloquea y no dejo de jugar hasta que lo pierdo todo 
2	009	73902	la primera vez que fui gane empece a ir los fines de semana y acabe yendo cada día al principio apostaba poco y unos días ganaba y otros perdía mira el juego es una actividad ludica en el caso de los juegos de apuestas ademas interviene la sensacion de poder dar un pelotazo todo esto hace que el juego de apuestas nos sea muy agradable pero tambien es muy adictivo y cuando llegamos a un punto de adicion entoces el juego se convierte en una tortura porque ya no podemos controlar ni el tiempo ni la cantidad de dinero da igual que ganemos o perdamos la adiccion hace que queramos jugar mas y mas mientras ganamos perdemos va equilibrado no dejamos de jugar cuando las perdidas hacen que no podamos jugar entoces pasamos a la busqueda de dinero llegamos a condicionar toda nuestra vida al juego por tu relato estas en las puertas tienes que decidir si entras o no si no entras y lo deja tal y como esta no te habra quitado mas que esa cantidad que puedes pensar que has gastado en cualquier otra cosa y pasar pagina si entras te volveremos a ver por aqui tratando de salir y el pobrema es que la entrada la tienes muy facil pero la salida es muy dificil ironia cuando entras en una compañia telefono movil todo son facilidades pero cuando quieres salir es muy complicado pues algo similar pero mucho mas grave solo tengo 500 euros y solo pienso en recuperar esos 3 500 euros que e perdido de mis ahorros usa los 500 en una buena fiesta y quedate con ese recuerdo__________________ vencer la ludopatia1º aceptacion 2º convencimiento 3ºresolusion y tratamiento
2	010	144927	El enfermo necesita cada vez emplear más dinero y tiempo Como puede llegar una persona adinerada a no tener ni para comer Debido a que emplea cada vez más dinero en juego a causa de la tolerancia comentada en la respuesta anterior Como se pueden abrir los ojos de un enfermo del juego para que vea mas alla de las maquinas Forzándole a que acuda a una asociación con profesionales donde le hagan un diagnóstico y le prescriban el tratamiento 
3	001	337313	 El dejar de jugar o reducir cuánto usted jugaba le ha hecho sentir inquieto o irritable durante los últimos 12 meses 
3	002	285226	Pues intentamos seguir unas pautas las respetamos os somos sinceros pero esque cualquier cambio de humor un comentario que no sienta bien dejarse un boton de la camisa sin anudar esque cualquier situacion incomprendida por los familiares necesariamente a de querer decir que hemos vuelto a jugar o que no lo hemos dejado de hacer 
3	003	285199	Pues intentamos seguir unas pautas las respetamos os somos sinceros pero esque cualquier cambio de humor un comentario que no sienta bien dejarse un boton de la camisa sin anudar esque cualquier situacion incomprendida por los familiares necesariamente a de querer decir que hemos vuelto a jugar o que no lo hemos dejado de hacer 
3	004	25334	Si ha vuelto a jugar habiéndose propuesto que lo dejaría No se avergüence porque es normal que le ocurra usted es responsable de jugar o no jugar al iniciarse en el juego pero no se culpabilice de la enfermedad determinados juegos tienen un potencial adictivo del que las autoridades y la prensa poco han informado 
3	005	38292	Si ha vuelto a jugar habiéndose propuesto que lo dejaría No se avergüence porque es normal que le ocurra usted es responsable de jugar o no jugar al iniciarse en el juego pero no se culpabilice de la enfermedad determinados juegos tienen un potencial adictivo del que las autoridades y la prensa poco han informado 
3	006	43763	Si ha vuelto a jugar habiéndose propuesto que lo dejaría No se avergüence porque es normal que le ocurra usted es responsable de jugar o no jugar al iniciarse en el juego pero no se culpabilice de la enfermedad determinados juegos tienen un potencial adictivo del que las autoridades y la prensa poco han informado 
3	007	111131	Referente a lo de intentarlo dejarlo solo la verdad es que llevo desde el 13 sin jugar desde que decidí dejarlo siempre he llevado una vida muy a la locura drogas alcohol vicio pero decidí hace tiempo acabar con todo eso pero no pude dejar las malditas traga perras desde que leí las normas básicas no he vuelto a pisar el bar y si me gustaría hacerme socio de una asociación pero solo como en alcoholicos anónimos o algo así pero comprendo que no se puede que tienes que ir acompañado 
3	008	164040	 Aca tiene una lista por si les sirve de ayuda Pasar mucho tiempo pensando en el juego como experiencias pasadas o formas de conseguir más dinero con que jugar Necesidad de apostar cantidades cada vez más grandes de dinero para sentir excitación Haber tenido muchos intentos infructuosos por jugar menos o dejar de jugar Sentirse inquieto o irritable al tratar de jugar menos o dejar de jugar Jugar para escapar de los problemas o de sentimientos de tristeza o ansiedad Apostar mayores cantidades de dinero para intentar recuperar las pérdidas previas Mentir sobre la cantidad de tiempo o dinero gastada en el juego Cometer delitos para conseguir dinero para jugar Perder el trabajo una relación u oportunidades en sus estudios o en su carrera debido al juego Necesidad de pedir dinero prestado para sobrevivir debido a las pérdidas ocasionadas por el juego
3	009	321663	Hoy hace 5 días que decidí dejar de jugar 5 días de poder mirar a mi mujer a los ojos sin remordimientos 5 días de no estar inquieto 5 días sin prisas por salir corriendo a jugar 5 días en los que he vuelto a descubrir que para tomar un café no hacen falta 3 horas 5 días sin oler a tabaco y fritura 5 días sin los dedos negros por las monedas 5 días de felicidad 
3	010	177353	Creo que todos hemos intentado dejar de jugar algunos con mas exitos que otros pero siempre hemos vuelto a jugar siempre con la misma permisa a ver si saco el premio y pago a este o aquel otro que le debo 
4	001	251596	Para que es más de lo mismo pensar solo en ti de malo no en los que haces sufrir en tu sufrimiento sin fin pero olvidando lo inteligente que puedes ser lo sincero lo amable lo cariñoso lo feliz que puedes ser con los que te quieren o los que te querrán cuando dejes de jugar de encerrarte de engañar mejor vivir resolver los problemas esforzarse recuperar y enseñar tu dignidad y tu tranquilidad cada dia un poco sin prisa pero sin pausa con placidez como sale la inmensa mayoría de las personas que están en tu situación aunque ahora la mayoría estén de vacaciones y no te puedan apoyar un poco más ya que estás en el foro deja que te acompañemos ya lo dabas todo por perdido y resulta que si dejas de jugar dinero lo tienes todo por ganar A ver si la próxima ya te sientes mejor __________________
4	002	93564	Ten en cuenta una cosa seguramente ella sea consciente del problema otra cosa es que ya no quiera saber nada de curarse los ludopatas nos solemos culpar y mucho estamos deprimidos y supongo que cuando llevas mucho tiempo jugando te haces asi agrio sin sentimientos ya no te importa si pierdes o ganas haces una barrera para la malo que conlleva el jugar y asumes el juego como parte de tu vida 
4	003	181328	Después de jugar viene la segunda parte y es que nos mientes constantemente nos metes unosrollos que ni tu mismo cuando nos los estás contando te lo puedes creer El dinero no está para malgastarlo en el juego pues lo único que se hace es enriquecer a otros y arruinar familias y no sólo economicamente ya que para un Adicto al juego una máquina es más importante que su familia y que él mismo 
4	004	171735	Después de jugar viene la segunda parte y es que nos mientes constantemente nos metes unosrollos que ni tu mismo cuando nos los estás contando te lo puedes creer El dinero no está para malgastarlo en el juego pues lo único que se hace es enriquecer a otros y arruinar familias y no sólo economicamente ya que para un Adicto al juego una máquina es más importante que su familia y que él mismo 
4	005	153668	Después de jugar viene la segunda parte y es que nos mientes constantemente nos metes unosrollos que ni tu mismo cuando nos los estás contando te lo puedes creer El dinero no está para malgastarlo en el juego pues lo único que se hace es enriquecer a otros y arruinar familias y no sólo economicamente ya que para un Adicto al juego una máquina es más importante que su familia y que él mismo 
4	006	168218	bueno yo sigo en mis treces yo he jugado cuando estaba insastifecho y tambien cuando me sentia feliz y cuando tenia problemas economicos y tambien cuando no los tenia el problema es el no poder jugar cuando y como queremos somos esclavos del juego nos anula por completo desarrollamos toda nuestras actividades en funcion del juego nos convertimos en sus esclavos los problemas economicos y de otra indoles que nos provocas son circunstanciales le realidad es que llegamos a un punto que nuestra autentica batalla es poder jugar y parar a voluntad y como vemos que nos resulta imposible mantenemos una lucha feroz con nosotros mismo no somos capaces de aceptar que eso tan absurdo nos pueda dominar por eso digo que realmente para empezar a ganar debemos de aceptar la derrota no podenos vencer al juego no somos capaces de jugar a voluntad propia tenemos que aceptar que si queremos desarrollar una vida donde seamos capaces de tomar desiciones y llevarlas a cabo tenemos que dejar de jugar si jugamos el juego anula nuestra voluntad porque esto es asi lo ignoro no se porque yo no puedo jugar sin ser dominado por el juego pero si se que cuando juego el juego domina toda mi vida y nada de lo que me propongo lo llevo a cabo bien por el estado animico al que me lleva o bien por la serie de problemas que me causa asi pues lo dicho en mi caso el inicio a una vida mas o menos sastifactoria ha pasado por la aceptacion de la derrota he aceptado que estoy totalmente incapacitado para jugar las ganas o deseos de jugar me invadian mientras en mi interior quedaban dudas de si seria o no capaz de jugar sin ser dominado una vez aceptado que soy incapaz de jugar sin que eso me suponga una anulacion de mi voluntad todo me ha sido facil ya no siento deseos de jugar incluso hay veces que dispongo de dinero y tiempo por lo que podria ir a jugar pero se sin el menor genero de dudas que ese acto me llevara a un descontrol total y por lo tanto ni me lo planteo ya se que lo que pretendes es buscar una explicacion a porque somos dominados pero creo que realmente no hay dicha explicacion es posible que sea cuestion psicologica u psiquiatrica pero aqui la mayoria somos simplemente enfermos de esta enfermedad que lo que perseguimos es vencerla mas que entenderla por eso reitero en mi caso cuando deje de resistirme a la realidad de que el juego a mi me dominaba y por tanto debia de presindir de el me ha resultado facil aprender a vivir sin nesecidad de jugar se que tengo una enfermedad y se como convatirla creo que es suficiente no nesecito saber como se desarrolla con saber como actua me ha bastado y he aceptado que no puedo vencerla recordad que siempre decimos que es incurable presisamente si descubrieramos como se desarrolla empezariamos a encontrar la curacion pero creo que ninguno de los que estamos aqui estamos capacitado para llegar o marcarnos esa meta asi pues conformemonos con convertirla en una enfermedad cronica que con su tratamiento renunciar al juego nos permite llevar una vida totalmente plena no estoy en contra de tu busqueda amigo Jaime si no fuera porque esa osebsion del mporque te lleva de folma periodica ha hacer pruevas las cuales te llevan a graves recaidas asi pues te recomiendo que asimiles que es una batalla perdida que tu no estas capacitado para encontrar el remedio que lo unico que puedes hacer es asimilar que has de vivir sin juego un abrazo__________________ vencer la ludopatia1º aceptacion 2º convencimiento 3ºresolusion y tratamiento
4	007	347770	Me di cuenta que tenía un problema cuando iba a jugar al casino y no podía parar de hacerlo hasta que me jugaba todo el pago del mes esto me sucedió varias veces continuas y no paraba porque quería dejar de hacerlo sino por el hecho de no tener más dinero después de unos días deprimido me di cuenta de que tenía un problema grave busqué información en internet y comprendí lo maligno de mi comportamiento y que era autodestructivo decidí buscar ayuda actualmente estoy con un psicólogo y con medicación aquí en mi país creo que no hay grupos de apoyo y cifro mis esperanzas en la fluoxetina el doctor me dice que la tengo que tomar por 6 meses diario y luego ir bajando la dosis los otros 6 meses para al acabo de un año dejar de tomarla y ver si el cerebro desprogramó las ansias por el juego el problema en mi país Costa Rica parece ser nuevo o escaso el boom de los casinos comenzó hace unos 10 años y las entidades de asistencia social no tienen programas formales para combatir esta plaga 
4	008	316482	ESTO VA POR TI CHAMY YO EMPECE A JUGAR A LAS MAKINAS XK NO ME VALORABA A MI MISMO PARA NADA POR ESO ME GUSTABA JUGAR Y APARTE YO CREIA K ASI TENIA AMIGOS XK KERIA COMPRAR A LA JENTE APARTE K YO TENIA PROBLEMAS EN CASA CON MI PADRE ME DECIAN UNA Y OTRA VEZ K YO NO LLEGARIA A NADA K ERA TONTO K ERA MEJOR K ME TIRARA X UN PUENTE K MI VIDA ERA UNA MIERDA K TODO LO K HACIA NO VALIA PARA NADA YO ME LO CREIA POR ESO CHAMY SE COMO TE SIENTES SE K ESTAS MAL POR ESO TE METO CAÑA NO PARA JODERTE SI NO PARA AYUDARTE OK
4	009	216897	El problema es que yo aparte de mi sueldo que para unchaval de 20 años no se puede considerar pequeño unos 1200 aproximadamente tengo otros ingresos de otras fuentes no penseis mal no es de dorgas ni de robos ni nada por el estilo si no que por otros medios cada fin de semana gano unos 100 200 facilmente con una actividad relacionada con el fútbol por eso al verme con bastante idnero jugaba algo pero siempre como una diversión y nunca llegue a quedarme sin dinero ni sin los ahorros ni mucho menos 
4	010	344368	Soy nuevo en el foro Durante el último mes he tenido problemas muy graves me he jugado el dinero de mi salario completamente los dos últimos meses cuando estaba en la mesa jugando me olvidé de mis cuentas y obligaciones no me acordaba de nada me he sentido muy mal y deprimido cuando empecé a jugar en los casinos hace 7 años me sentía muy bien y tenía mucho control 7 años después ya no tengo ese control actualmente mi esposa me está ayudando económica y emocionalmente aunque dice que no sabe hasta cuando podrá hacerlo esta situación me da vergüenza he buscado ayuda psicológica actualmente estoy con un medicamento fluoxetina que me ha aliviado enormemente la obsesión por el juego tengo 5 días de no jugar espero poder continuar así por el bien mío el de mi esposa y el de mi hija 
5	001	340512	Si despues de eso vuelve a perder incrementa la perdida pero si gana lo vuelve a apostar asi que en definitiva las perdidas son perdidas y las ganancias van destinadas a seguir jugando en raras ocasiones normalmente por culpabilidad o intentar hacer ver que no tenemos problemas economicos se puede utilizar el dinero de la ganancia para otros fines pero en definitiva lo que te da la maquina vuelve a la misma o a otra 
5	002	51207	El otro día después de perder una cantidad de dinero empecé a contarle a mi mujer una mentira para justificar ese gasto y ahí me derrumbé 
5	003	167186	Primero me di cuenta de que siempre seguiria perdiendo dinero y luego me di cuenta de lo vacio que era estar en el casino una y otra vez pegado a una mesa hasta que ya no me quedaba dinero para apostar me estaba conviertiendo en una persona obsesiva vacia depresiva y asocial Lo cierto es que un dia tuve la fuerza de voluntad para inscribirme en el registro de personas a las que se prohibe el acceso a los bingos y desde entonces no he vuelto a pisar un bingo 
5	004	103337	He vuelto a caer Después de contar mis experiencias en este foro ahora hace 7 dias estaba totalmente convencido y motivado para no volver a jugar nunca mas ni tan solo un euro Nunca había estado tan seguro de hacer algo y me sentía con fuerzas para hacerlo y con ganas de afrontar mi nueva vida Pero hoy he vuelto a jugar después de una semana he perdido una cantidad considerable de dinero la sensación es la misma de siempre frustración fracaso arrepentimiento me siento totalmente hundido sin ganas de nada porque no se cuando terminará esto si algún Dia termina Si sigo así nose como voy a terminar en la indigencia seguramente 
5	005	330273	En el caso de Perico yo fui descubriendo día a día DESPUES QUE ENTRO A JA hace 1 año y 40 días engaños con respecto al dinero de todo tipo he vuelto a empezar una y mil veces pero siempre hay algo que enturbia todo y nunca hay una explicacion siempre es vas a tener que confiar en mi 
5	006	210579	YA LLEBABA 20 DIAS SEGUIDOS SIN JUGAR Y HE VUELTO A PERDER DINERO QUE COJI PRESTADO MAS MENTIRAS PARA PODER CONSRGUIRLO YA YA SE QUE NO MERESCO NINGUN CONSEJO PORQUE YO ME LO HE BUSCADO PERO TENGO QUE DECIRLO ASI ME DESAOGO Y SUELTO ESTO QUE ME ESTA CASI HACIENDO EXPLOTAR LAS VENAS QUE DIFICIL CUANDO VES QUE YA NADIE TE QUIERE PRESTAR NISIQUIERA PARA RECORTARTE EL PELO PORQUE CREEN QUE ES PARA EL JUEGO BUENO PUES UN SALUDO A TODOS LOS FOREROS HE PERDIDO 500 EURASOS MAS QUE PENA ME DOY SOY UN VERDADERO MALDITO GUSANO 
5	007	98728	Pero después de una ruptura sentimental que me ha dejado bastante solo he vuelto a vivir con mi madre y no consigo controlarme cuando tengo dinero lo pierdo rápidamente y he llegado a buscar dinero por toda la casa para meterlo en las apuestas 
5	008	110130	mucha gente cuando acaba de perder grandes cantidades de dinero y estan desesperados buscan consejo por internet encuentran este foro y esperan respuestas milagrosas de que como dejar el juego de un dia para otro pero tristemente se pueden tardar años en recuperar la normalidad y es ese el camino correcto medidas preventivas para empezarbuscar ayuda profesionaly volver a reeducarnos y pagar deudastodo esto mezclado con la dureza de los tiempos que vivimos en españa que aun lo hace mas valorable el salir adelante por eso felicidades por dar ejemplo simplemente FELICIDADES 
5	009	113775	hola a todos aqui me siento menos raro desde los 18 años e sido una parsona con dinero puesto que soy deportista profesional al principio jugaba pocas cantidades con un amigo y a temporadas tiempo despues me marche a otra ciudad a ejercer mi profesion alli fue donde me dedique a ir a casinos con compañeros realmente en el casino no perdi casi dinero puesto que un dia ganaba 300 otros los perdia aunque al final perdi despues de eso segui apostando por internet y tambien frecuentaba bingos aunque con menos asinuidad mi problema se incremento el año pasado sali de españa direccion grecia para seguir creciendo como profesional firme mi primer contrato de mucho dinero y en este ciudad pequeña y aburrida donde estava solo disponia de mucho tiempo libre un dia decidi subir mis apuestas y en una semana subi de 150 euros a 15 000 entonces llame a la casa de apuestas para sacar todo el dinero pero tenian que pasar 3o 4 dias para poder sacarlo como podreis imaginaros ese dinero nunca salio lo perdi en 3 dias todo al principio me escudaba en que solo queria recuperarlo pero habia momento que medio lo recuperaba pero mi ansia mi cegaba y acaba perdiendolo una y otra vez asi hasta llegar a perder cerca de 30 000 euros decidi hablar con mi agente y decirle que me lo dejara que se lo devolveria al final de este año el acedio a darmelos deje de apostar cerca de 1 mes hasta que cobre algo de dinero y volvi a apostar dejandome cerca de 2 500 euros mis problemas de an ansiedad aumentaron puesto que no dormia de noche porque apostaba a todas horas empece a vivir una mentira puesto que engañaba a todo el mundo porque no entendian en que me gastaba el dinero hace un mes decidi comentarselo a mi novia ya que esta vino de visitarme a grecia que es donde vivo pero en cuanto se fue no e podido evitar volver a recaer gastandome cerca de 5 000 euros finalmente se lo e contado a mi entorno menos a mi familia que se lo contare en breves en resumen e dejado de ser feliz hace dos dias que no apuesto me e prohibido apostar en casas de apuestas pero por mi trabajo no puedo acudir a ninguna asociacion de ayuda en todos estos años desde que empece calculo mis perdidas cerca de 70 000 euros pero mis ingresos son mas de doble por año pese a esto e dejado de ser feliz e perdido la ilusion por todo la ansiedad me puede y siento que pese a que estoy vivo por fuera me estoy muriendo por dentro e estado unos 4 años sin contarselo a nadie pero creo que es la hora de dar un paso y volver a vivir puesto que tengo 24 años y toda una vida por delante un abrazo y si alguien me puede aconsejar un abrazo y espero que todos recupereis las ganas de vivir __________________xn23
5	010	279147	Yo hace dos dias estaba que me queria morir y a las dos de la mañana con una terrible deprecion despues de perder dinero que tenia para pagar deudas entre al foro despues de no hacerlo por unas semanas y primero me puse a leer por mas de una hora tratando de enteder que es lo que me hace caer una y otra vez despues escribi mi sentir 
6	001	172754	La ludopatia ha destrozado a muchas personas no sólo al jugador sino a los seres queridos nosotros no somos culpables de nuestra enfermedad pero si responsables de nuestra recuperación y si dicha abstención y recuperación debemos hacerla sólos pues adelante si lo hacemos con el apoyo de nuestra familia mejor pero la mayoria de los pasos debe hacerla el jugador pero repito con honestidad mente abierta y buena voluntad__________________FELICES 24 HORAS
6	002	127577	La familia juega también un papel fundamental apoyando al ludópata y controlando sus gastos El tema de las deudas bastante peliagudo ha de resolverse hablando con los acreedores y planteándose un plan de pagos en el cual el dinero ha de salir exclusivamente de los ingresos del trabajo de quien provoco el agujero y no inmiscuir a la familia ni a otras personas pidíendoles préstamos y prometiendo devolverselos Sí si que está tratado este tema en el foro solamente que cada uno ve las cosas de una u otra forma según en el estado evolutivo que se encuentre su ludopatía Espero haberte ayudado Saludos 
6	003	218674	La simple ocultación de la verdad a la familia comienza a crecer como bola de nieve hacia otras personas o instituciones donde la justificación para obtener el dinero tiene por base la mentira 
6	004	243942	yo soy la otra cara de la ludopatia soy la mujer de uno y no puedo mas estoy cansada de mentiras y de tener q pedir dinero para comer a la familia y todo esto teniendo dos sueldazos en casa pero el de mi marido ultimamente ni llega a casa lo he llevado al psicologo y he intetado ponerme en su lugar en no agobiarlo y en ayudarlo y de nada me ha serbido acaba mintiendo y volviendo a jugar es desesperante tengo un niño y ni siquiera le importa lo q el pueda necesitar mientras el tenga para jugar luego viene el bajon y a llorar y a pedir ayuda y despues de tantos años ya no le creo y la pena es que aun lo quiero pero lo doy todo por perdido se ha vuelto asta agresivo despota bueno que no es ni por asombro la persona de la q me enamore se q es una enfermedad pero esto ya se me escapa de las manos y no se como ayudarle el dice q esta vez a tocado fondo pero como se q es verdad creo q no estoy preparada para otra osti la verdad es q me encuentro perdida y creo que acabare dejandole por mucho q me duela por q vivir asi no merece la pena y ni yo ni mi hijo nos merecemos aguntar esto creo que si nos quisiera cambiaria asi que no se si alguien me puede aconsejar algo lo agradeceria besos y gracias por lo menos por escucharme lo necesitaba__________________dama
6	005	53670	Hay dos personas muy buenas que han pasado por aquí sin ver mi locura trastornos y quien soy ó dejo de ser Esta noche es una noche larga para mi para ayudar a que otras personas puedan cuidar de sus familias Ellos no saben nada de esto aunque saben otras cosas buenas y malas de mí Nunca me han juzgado a pesar de mis errores Aquí hay dos compañeros que destacan y no puedo decir que me cause gracia hablar de ludopatía aquí porque no se sabe directamente Ya ya No le doy más vueltas al asunto simplemente dijo Antonio una vez que le podemos estar echando una GRAN MANO a un compañero en su proceso de rehabilitación Pero este foro pierde la gracia y no hay ni educación perdón por el juicio no me maten Manel felicitó este año nuevo y entramos ya sin saludarlo prácticamente y con trastornos mentales que llevan nuestros escritos bajo nuestra y única voluntad si es que se sabe que es eso y si se piensa lo que sé dice dos veces ya que Un compañero fue expulsado de aquí y era realmente bueno escribiendo Fenixdorado con la equivocación de insultar abiertamente al administrador y a la maza Más equivocado estaba en el trato a las mujeres ya que por este foro pasaron decenas y centenas de mujeres con problemas de juego Pero el silencio está bien Empecé este año haciendo lo que hacía y estudiando libros No leerlos estudiarlos para hacer un examen de conciencia conmigo mismo Es igual que todos Es el paso previo para que yo escriba mi propio libro cuyo camino ya sé y su dirección Está lejos pero estoy seguro de que llegaré __________________Humildad significa no creerse mejor que nadie
6	006	100782	No hay supernanys para familias que llevan décadas de sufrimiento de incomprensión de silencio de ocultamiento de intentos frustrados de miedo de problemas No creo que la ludopatía se cure en el tiempo que dura la realizacion de un programa televisivo no manipulen y hagan mas daño Pueden usar su poder de otro modo mas eficaz claro que menos rentable 
6	007	336615	La ludopatía consiste en la incapacidad de la persona que juega para controlar su juego de tal modo que su forma de jugar y de perder afecta a áreas significativas de su vida salud economía familia trabajo amistades 
6	008	281046	Por otro lado ando curioseando bastante sobre la enfermedad leo todo loq ue encuentro y buscando por internet he encontrado un documental emitido el año pasado lo presenta Mercedes Milá y habla sobre la ludopatía el juego en menores las pocas asociaciones que hay la falta de ayuda desde instituciones públicas a jugadores patológicos el negocio que es para la hacienda estatal y que quizá por eso no hacen nada y lo más sorprendente una asociación andaluza había solicitado ayudas al gobierno andaluz para reformar su local o irse a uno nuevo ya que tanto médicos de cabecera servicios sociales etc 
6	009	172756	la ludopatia es una enfermedad que trastorna todos nuestros valores como persona y los anula por lo tanto entiendo perfectamente que hayas decidido romper esa relacion si no te encuentras con fuerza para continuar es lo mejor para los dos se que es muy dificil despertarse y ver que el principe encantado se ha combertido en sapo 
6	010	357211	Otros implicados en el mantenimiento de la ludopatía Debido al importante papel que en nuestro país juega la institución familiar los padres del jugador también se ven especialmente afectados y como ellos el resto de miembros de la familia hermanos hijos de hecho en un principio algunos jugadores recurren más a los padres que a su cónyuge para que no se entere con el interés de ocultar y resolver el problema antes de que sea conocido por la pareja 
7	001	337243	 Ha intentado usted dejar de jugar repetidamente sin éxito 
7	002	95837	He intentado dejarlo repetidas veces pero cuando llevas meses sin jugar te crees que ya lo controlas y recaes Ahora llevo 5 meses sin jugar porque no tengo acceso a mi dinero y porque he intentado cambiar muchos de mis habitos y hoy puedo decir que me va bien solo me planteo cuando me levanto hoy no juego no hago planes a mas largo plazo Tenemos que ser fuertes y no engañarnos a nosotros mismos ni a los que nos rodean es duro pero hay que ir dia a dia Muchos animos a todos 
7	003	71706	me siento desmotivado por todo y solo vivo el dia a dia estoy totalmente fuera de control he intentado muchas cosas para dejar de jugar sin exito he practicado yoga ejercicios intentar estar todo el dia ocupado 
7	004	43808	Todo el esfuerzo y la represión que pueda asumir en sus intentos por dejar de jugar fácilmente acabarán en un intento de demostrarse a sí mismo que vuelve a controlar a ser una persona normal y que el trastorno no tiene justamente en esos momentos de recaída la importancia que tenía anteriormente porque ya hacía semanas meses o años que no jugaba 
7	005	64878	Todo el esfuerzo y la represión que pueda asumir en sus intentos por dejar de jugar fácilmente acabarán en un intento de demostrarse a sí mismo que vuelve a controlar a ser una persona normal y que el trastorno no tiene justamente en esos momentos de recaída la importancia que tenía anteriormente porque ya hacía semanas meses o años que no jugaba 
7	006	67056	Todo el esfuerzo y la represión que pueda asumir en sus intentos por dejar de jugar fácilmente acabarán en un intento de demostrarse a sí mismo que vuelve a controlar a ser una persona normal y que el trastorno no tiene justamente en esos momentos de recaída la importancia que tenía anteriormente porque ya hacía semanas meses o años que no jugaba 
7	007	345369	Todo el esfuerzo y la represión que pueda asumir en sus intentos por dejar de jugar fácilmente acabarán en un intento de demostrarse a sí mismo que vuelve a controlar a ser una persona normal y que el trastorno no tiene justamente en esos momentos de recaída la importancia que tenía anteriormente porque ya hacía semanas meses o años que no jugaba Esto está en la página principal de este foro por si nos sirve para reflexionar 
7	008	158900	DEJAR DE JUGAR UMMMM COSTó mucho pero lo mas dificil es no volver ha jugar y para eso hay que poner muchos principios buenos lo que hemos aprendido en la vida o en asociasiones como controlar nuestras emociones como enfrentarnos a una alegría o tristeza o a un éxito o un fracaso y muchas cosas mas felices 24 horas 
7	009	177353	Creo que todos hemos intentado dejar de jugar algunos con mas exitos que otros pero siempre hemos vuelto a jugar siempre con la misma permisa a ver si saco el premio y pago a este o aquel otro que le debo 
7	010	23509	Dejar de jugar poniendo las medidas necesarias una vez totalmente convencido de que tenía que hacerlo no me fue muy difícil Fue tedioso porque lo intentaba con medidas flojas y mucha voluntad Al final recurrí a medidas severas y eficaces Este proceso se alargó como dos años Poco a poco el jugar esporádicamente me iba pareciendo pequeños avances La realidad es que mientras jugaba me ponía en serio riesgo de entrar en face destructiva Ya digo tras unos dos años logre no jugar y mentalizarme que no necesitaba jugar Pasaron unos cuantos años sin jugar y sin plantearme jugar Teniendo ya mi vida bien vencausada y sin sentir deseos de jugar empezó a rondar me por la cabeza De verdad estoy incapacitado para jugar sin perder el control 
8	001	282061	Arriesgar o perder una relación de importancia trabajo u oportunidad escolar o laboral a causa del juego 
8	002	337325	Durante los últimos 12 meses ha perdido usted o ha estado a punto de perder una relación importante un trabajo una oportunidad educativa o de carrera debido al juego 
8	003	354366	Se han puesto en riesgo o perdido relaciones interpersonales significativas trabajo u oportunidades profesionales por causa del juego 
8	004	37205	Había aprendido a no nesecitar jugar Pero no había aprendido a aceptar una incapacidad La cuestión es que durante unos siete años estuve luchando con esos pensamientos y llegué a jugar varias veces para convencerme Por fin un día acepte esa incapacidad y realmente a partir de ese momento el juego no me ha afectado Hace unos cinco años que no juego Mi vida es sastifactoria mantengo buenas relaciones familiares No tengo gran fortuna pero no tengo problemas económicos He tratado convencerme de lo afortunado que soy Pero interiormente no logró superar esos cuarenta años tortuosos donde tuve la oportunidad de hacer de mi vida lo que en realidad quería Siento una soledad interior profunda Siento como una especie de rechazo a poder sentirme feliz He tenido posibilidades de inicial alguna relación de pareja pero en cuanto la cosa empieza a ser más seria hay algo que me empuja a huir Es como si me negase a rehacer mi vida emocional sin las personas que en su momento me quisieron En fin estoy hecho un lío Creo que me estoy alejando de los míos Pongo demasiadas escusas para no acudir a reuniones porque no me apetece sentirme feliz y al mismo tiempo añorar a quienes faltan Trataré de acudir a algún psicólogo aunque tengo muy poca fe Gracias por estar Hace mucho tiempo que me encuentro así y no lo expresaba por no desanimar a los compañeros pero he llegado a la conclusión de que todo esto también es parte de la ludopatía
8	005	56408	No soy profesional en sustitutivos de medicamentos sino solo en el area del descanso y del sueño Pero he tratado muy de cerca con consumidores frecuentes de ansioliticos y funcionan como una droga mas causando un sindrome de abstinencia importante En infusiones como la valeriana va mucho mejor la infusion de la propia raiz aunque a mucha gente le echa para atras su olor Pero sin lugar a dudas lo que mejor funciona es sintonizar el alma con la naturaleza No se si vives en algun lugar donde tengas acceso a pasear entre arboles y plantas en sentir el calor del sol o la humedad y el frescor de la lluvia segun sea el caso Si consigues sentirte bien con el entorno la meditacion y la relajacion saldran por si solas y poco a poco iras mejorando No es algo de hoy para mañana ya que la disciplina mental y el hacerte uno con la naturaleza lleva su tiempo No quiero parecer demasiado espiritual ya que verdaderamante no lo soy ahora antes mucho mas pero para descansar lo mejor es estar bien con uno mismo y fijate que no digo con los demas 
8	006	271175	pero si se ha refugiado en el juego y otros es porque LA REALIDAD LE HES MUUYYYY DOLOROSA y una manera de estar anasteciado para no soportar su dolor es recurrir a REFUGIARSE en el juego las drogas etc Desde ese punto de partida querida Bonnoniet tienes que entender QUE EL ESTA ENFERMO y prodigarle mucho carino y comprensión increiblemente aquellas personas que son tan violentas y con un caracter agrio en el fondo estan tan necesitados de afecto que sería bueno que poco a poco le vayas demostrando con tus actos pequeños que EL PARA TI ES MUUY IMPORTANTE que lo quieres y que esperas que SOLO EL SE DE CUENTA que SIEMPRE TENDRA OPORTUNIDAD DE SER MEJOR Y CAMBIAR DE RUMBO quiza un día le hagas leer lo que cuenta Chaman 57 la experiencia con sus hijas imprImelo en algun sitio de servicio de cabina de internet y comentale de este foro que al igual que él todos tenemos el problema pero que estamos luchando por NO DEJARNOS LLEVAR TAN FACILMENTE POR LAS CORRIENTES DE ESTE RIO QUE AMENAZA AHOGARNOS sigue participando con nosotros de como vas aqui tambien nos tienes como TU GRAN FAMILIA ERES EL SIMBOLO de los AFECTADOS y ojala muchos compañeros te vean reflejado en el espejo de sus familias para que cuando se quieran traicionar y volver al juego recuerden que nuestros hijos no tienen PORQUE CARGAR CON NUESTRAS CULPAS Un beso y un abrazo fuerteeeee Marife
8	007	292465	 Ha sufrido la pérdida de alguna relación significativa en el trabajo la escuela univesidad o algunas oportunidades sociales debido a Internet 
8	008	164040	 Aca tiene una lista por si les sirve de ayuda Pasar mucho tiempo pensando en el juego como experiencias pasadas o formas de conseguir más dinero con que jugar Necesidad de apostar cantidades cada vez más grandes de dinero para sentir excitación Haber tenido muchos intentos infructuosos por jugar menos o dejar de jugar Sentirse inquieto o irritable al tratar de jugar menos o dejar de jugar Jugar para escapar de los problemas o de sentimientos de tristeza o ansiedad Apostar mayores cantidades de dinero para intentar recuperar las pérdidas previas Mentir sobre la cantidad de tiempo o dinero gastada en el juego Cometer delitos para conseguir dinero para jugar Perder el trabajo una relación u oportunidades en sus estudios o en su carrera debido al juego Necesidad de pedir dinero prestado para sobrevivir debido a las pérdidas ocasionadas por el juego
8	009	188546	la verdad estoy preocupado quiero tratar de olvidarme del juego pero se me hace dificil a pesar de las ayudas que tengo trato de poner de mi todo el esfuerzo pero hay dias que me traicionan en alguna oportunidad dije que trataria de ocupar todo el tiempo posible para no pensar en el juego casualmente hace unos dias vovi a jugar no gran cantidad de dinero pero lo hice quiero lo antes posible conseguir una terapia en la cual me ayudaria bastante pero no puedo debido a que me quedan los lugares un poco lejos y por razones de trabajo se me complica 
8	010	251867	hola soy ludopata de las tragaperras he perdido muchas oportunidades en esta vida y estoy intentando salir del problema que ha moldeado mi vida de esta manera tan negativa lo que mas me fastidia es que algun familiar por avaricia utilice el conocimiento de mi adiccion al juego en su probecho economico y que mi entorno lavoral se entere de mi debilidad queria saber como hacer terapia de una manera discreta antes de llegar al punto de no retorno gracias
9	001	164040	 Aca tiene una lista por si les sirve de ayuda Pasar mucho tiempo pensando en el juego como experiencias pasadas o formas de conseguir más dinero con que jugar Necesidad de apostar cantidades cada vez más grandes de dinero para sentir excitación Haber tenido muchos intentos infructuosos por jugar menos o dejar de jugar Sentirse inquieto o irritable al tratar de jugar menos o dejar de jugar Jugar para escapar de los problemas o de sentimientos de tristeza o ansiedad Apostar mayores cantidades de dinero para intentar recuperar las pérdidas previas Mentir sobre la cantidad de tiempo o dinero gastada en el juego Cometer delitos para conseguir dinero para jugar Perder el trabajo una relación u oportunidades en sus estudios o en su carrera debido al juego Necesidad de pedir dinero prestado para sobrevivir debido a las pérdidas ocasionadas por el juego
9	002	298190	Yo he vivido estas dos situaciones me angustiaba porque el dinero se me hacia agua me desesperaba pedía ayuda a algunas personas me proponía dejar de jugar pero poco tiempo despues volvia a lo mismo pero el día que toqué fondo y lo sentí literalmente me fui a internar en un hospital por 2 meses y desde ese momento no he vuelto a jugar y hace un año y medio de esto sin recaer un solo dia sé que esto es para siempre pero lo estoy logrando hasta ahora y cada día cuenta 
9	003	103386	Para escuchar las experiencias de otras personas es de gran ayuda saber que hay gente que un Dia derrochaba el dinero en el juego con las correspondientes consecuencias y que ahora ya rehabilitados pueden llevar una vida normal que es lo que yo quiero mi adicción me esta condicionando mucho mi vida 
9	004	234226	Abrid los ojos pedid ayuda concienciaos de verdad de la enfermedad porque es una ENFERMEDAD que teneís emos acudid una vez por semana a una asociación y buscaos un familiar de apoyo esa es la única manera para poder comenzar con ciertas garantías la rehabilitación yo lo estoy haciendo y estoy empezando a ser una persona feliz aunque soy consciente que me queda por recorrer mucho camino Concretamente toda la vida cada día que pasa es un camino recorrido hacia nuestra rehabilitación y ésta se consumará el día que fallezcamos Eso sí cuanto más tiempo mucho mejor obviamente puesto que es una enfermedad crónica para toda la vida a lo único que no es poco que podemos aspirar es a tener una vida sin juego y sobre todo a concienciarnos del valor del dinero y a utilizarlo convenientemente como moneda de cambio para obtener nuestras prioridades pero no para jugar El dinero de por sí es una mierda pero es una mierda necesaria no hagamos del dinero más de lo que es saludos a todos 
9	005	115733	Poder se puede solo se necesita aceptacion de la enfermedad y sus consecuencias pasadas humildad para pedir ayuda y dejar controlar tu dinero a otras personas buena voluntad para seguir el dia a dia dejandose llevar y alejandose del juego y mente abierta para empezar a comprender la enfermedad y las herramientas y barreras que nos enseÃ aran para mantenernos limpios 
9	006	57041	Hay personas en el foro que no les queda mas remedio que hacerlo asi pero eso no quiere decir que las otras propuestas no te hagan el camino mas sencillo Esta pequeña polemica es interesante porque nos aportan 3 puntos de vista distintos en cuanto a querer dejar el juego y pedir ayuda para ello 1 quieres y pides ayuda teniendo esa posibilidad2 quieres y NO pides ayuda teniendo esa posibilidad3 quieres y no pides ayuda porque no tienes esa posibilidadMi opinion es que el segundo punto de vista no ha de plantearse nunca Y como he dicho anteriormente es mi opinion sin animo ni de ofender ni de menospreciar __________________Hay que hacer TODO lo necesario durante el tiempo que sea necesario
9	007	172516	oviamente hay un flujo de quimicos actuando en el cerebro para que esta ansiedad se manifieste y si la ansiedad la detona un deseo como se puede hacer para que ese deseo cambie oviamente teniendo en la mente otras cosas que hacer mi respuesta a tu pregunta es que son ayudasss no son la solucion pero ayudan la solucion es dejar de jugar dejar de pensar en el juego como via para ganar dinero o para alejarte de los problemas o como inversion del tiempo como es una yuda darle el dinero del mes a la esposa para que lo administre hasta que ya estes seguro que puedes administrar parte de el tu mismo en el tiempo que suceda tu rehabilitacion en otro orden de ideas te vendria muy bien no estar emitiendo calificaciones sobre los individuos que expresamos aqui opiniones porque no creo que sea el sentido de este foro andar en caceria de brujos estamos aqui para compartir lo que no le diriamos a otras personas compartir como nos sentimos y como funciono nuestra terapia individual o familiar como va nuestra recuperacion o si recaemos compartir esa parte tambien
9	008	174923	ACUDO A USTEDES DESESPERADO YA QUE LO PERDI TODO TENGO 25 AÑOS Y EL 3 DE AGOSTO CUMPLO 26 Y QUIERO INIOCIAR UN NUEVO AÑO DE VIDA SIN EL JUEGO HE LEIDO LAS MEDIDAS PREVENTIVAS Y EN VIRTUD DE QUE AQUI NO HAY MUCHA AYUDA YO DECIDI DARMELA POR MI MISMO LO QUE COBRO EN LA EMPRESA DONDE LABORO SE LO DOY COMPLETO A MI ESPOSA Y LE DIGO QUE LO GUARDE Y LO ADMINISTRE PERO QUE JAMAS ME DIGA DONDE ESTA EL DINERO PARA ASI EVITAR UNA RECAIDA ASI COMO TAMBIEN DIARIAMENTE ME DOY UN TIEMPO PARA LEER TESTIMONIOS DE OTRAS PERSONAS QUE HAN SALIDO DE ESTE PROBLEMA O QUE LO TIENEN PARA AYUDARME A SEGUIR ADELANTE TENGO UN PROBLEMA Y LO RECONOZCO GRACIAS POR SUS COMENTARIOS __________________rtr
9	009	264442	Bienvenido Cilope Considerate A F O R T U N A D O de que TE DES CUENTA que el juego te esta OBSTACULIZANDO en el camino de la vida y lo primero que tienes que hacer es leer las recomedaciones del foro los testimonios de los foreros PROPONERTE A NO JUGAR MAS hablar con un familiar mas afin para que te ayude a controlar tu economia NO DEBES MANEJAR DINERO y LO FUNDAMENTAL HACER UNA REINGENERIA CON TU VIDA CAMBIAR DE HABITOS DESTRUCTIVOS A OTROS MAS PRODUCTIVOS y preopcupate SOLO POR LAS PROXIMAS 24 HORAS PROPONTE NO ALIMENTAR AL JUEGO Y poco a poco TU MISMO PODRAS SER TESTIGO DEL CAMBIO que ocurrira en tu VIDA SABES NO MAS MENTIRAS MAS TRANQUILIDAD NO MAS INSOMIOS POR LAS PERDIDAS QUE SE YO YA VERAS que hasta el astro sol brillara mas para tí en fin es muy saludable hacer el intento y proseguir luego como algo que uno mismo siente que es lo mejor para uno 
9	010	295327	La desesperacion por algun acontecimiento familiar con ideas de cometer locuras son propias de necesitar ayuda y comprension particularmente y no soy una excepcion las he tenido pero no solo por haber sido jugador compulsibo LUDOPATA en todos los ambitos de la sociedad suceden dia a dia nada tiene que ver ser ludopata para tener ese tipo de pensamientos las depresiones por causas muchas veces desconocidas estan al orden del dia y reitero ser ludopata o adicto a otras adicciones pueden ser un valor añadido a estas pero no la causa a mi entender cuando se llega a este estado lo mas adecuado es buscar la ayuda de un buen profesional las palabres de ayuda y empuje de los compañeros foreros son inequivocamente y positivamente plausibles aunque no todo lo necesario 
